event,event_date,fighter_1,fighter_1_url,fighter_2,fighter_2_url,weight_class,gender,method,round,time,fight_url,fighter,kd,sig_str,sig_str_pct,total_str,td,td_pct,sub_att,rev,ctrl,dob,age_at_fight
Noche UFC: Silva vs. Delgado,2026-09-12,Jean Silva,http://ufcstats.com/fighter-details/52ef95b5860fb28c,Jose Delgado,http://ufcstats.com/fighter-details/7d6ceff6747f2de2,Featherweight,Men,SUB Rear Naked Choke,3,2:57,http://ufcstats.com/fight-details/034c04e480d87b8f,Jean Silva,0,3 of 5,60%,3 of 5,0 of 1,0%,0,0,0:11,1996-12-13,29.75
Noche UFC: Silva vs. Delgado,2026-09-12,Jean Silva,http://ufcstats.com/fighter-details/52ef95b5860fb28c,Jose Delgado,http://ufcstats.com/fighter-details/7d6ceff6747f2de2,Featherweight,Men,SUB Rear Naked Choke,3,2:57,http://ufcstats.com/fight-details/034c04e480d87b8f,Jose Delgado,0,17 of 34,50%,18 of 35,0 of 0,---,0,0,0:21,1998-04-21,28.39
Noche UFC: Silva vs. Delgado,2026-09-12,Brandon Moreno,http://ufcstats.com/fighter-details/792be9a24df82ed6,Joseph Morales,http://ufcstats.com/fighter-details/2fe9032955c2e013,Flyweight,Men,S-DEC,3,5:00,http://ufcstats.com/fight-details/1aa008d8597a73b8,Brandon Moreno,0,27 of 72,37%,29 of 74,0 of 0,---,0,0,0:13,1993-12-07,32.76
Noche UFC: Silva vs. Delgado,2026-09-12,Brandon Moreno,http://ufcstats.com/fighter-details/792be9a24df82ed6,Joseph Morales,http://ufcstats.com/fighter-details/2fe9032955c2e013,Flyweight,Men,S-DEC,3,5:00,http://ufcstats.com/fight-details/1aa008d8597a73b8,Joseph Morales,0,29 of 76,38%,29 of 76,1 of 2,50%,0,0,0:21,1994-08-22,32.06
Noche UFC: Silva vs. Delgado,2026-09-12,Tommy McMillen,http://ufcstats.com/fighter-details/6b0a6def604de298,Marwan Rahiki,http://ufcstats.com/fighter-details/6eedb757f13b9978,Featherweight,Men,U-DEC,3,5:00,http://ufcstats.com/fight-details/1fca7dfa9e1e15cb,Tommy McMillen,0,29 of 87,33%,29 of 87,1 of 1,100%,0,0,0:21,1997-12-15,28.74
Noche UFC: Silva vs. Delgado,2026-09-12,Tommy McMillen,http://ufcstats.com/fighter-details/6b0a6def604de298,Marwan Rahiki,http://ufcstats.com/fighter-details/6eedb757f13b9978,Featherweight,Men,U-DEC,3,5:00,http://ufcstats.com/fight-details/1fca7dfa9e1e15cb,Marwan Rahiki,0,23 of 76,30%,23 of 76,0 of 0,---,0,0,0:00,2002-05-10,24.34
Noche UFC: Silva vs. Delgado,2026-09-12,Alexa Grasso,http://ufcstats.com/fighter-details/e8b731feff72294b,Manon Fiorot,http://ufcstats.com/fighter-details/34ff304266360297,Women's Flyweight,Women,U-DEC,3,5:00,http://ufcstats.com/fight-details/d9712b45c094730e,Manon Fiorot,0,21 of 75,28%,22 of 76,0 of 0,---,0,0,0:02,1993-08-09,33.09
Noche UFC: Silva vs. Delgado,2026-09-12,Alexa Grasso,http://ufcstats.com/fighter-details/e8b731feff72294b,Manon Fiorot,http://ufcstats.com/fighter-details/34ff304266360297,Women's Flyweight,Women,U-DEC,3,5:00,http://ufcstats.com/fight-details/d9712b45c094730e,Alexa Grasso,1,33 of 74,44%,48 of 90,0 of 0,---,0,0,0:43,1990-02-17,36.57
Noche UFC: Silva vs. Delgado,2026-09-12,Curtis Blaydes,http://ufcstats.com/fighter-details/fa6796c55d6c5440,Waldo Cortes Acosta,http://ufcstats.com/fighter-details/fc08099550072fe4,Heavyweight,Men,U-DEC,3,5:00,http://ufcstats.com/fight-details/606639bf387f60e2,Waldo Cortes Acosta,0,7 of 23,30%,8 of 24,0 of 0,---,0,0,0:00,1991-02-18,35.56
Noche UFC: Silva vs. Delgado,2026-09-12,Curtis Blaydes,http://ufcstats.com/fighter-details/fa6796c55d6c5440,Waldo Cortes Acosta,http://ufcstats.com/fighter-details/fc08099550072fe4,Heavyweight,Men,U-DEC,3,5:00,http://ufcstats.com/fight-details/606639bf387f60e2,Curtis Blaydes,0,7 of 27,25%,7 of 27,1 of 3,33%,0,0,1:13,1991-10-03,34.94
Noche UFC: Silva vs. Delgado,2026-09-12,David Martinez,http://ufcstats.com/fighter-details/9a97acbfd5a08bfa,Dan Ige,http://ufcstats.com/fighter-details/82a5152216251682,Bantamweight,Men,U-DEC,3,5:00,http://ufcstats.com/fight-details/51caa91f68873cf5,David Martinez,0,17 of 34,50%,17 of 34,0 of 0,---,0,0,0:00,1998-08-03,28.11
Noche UFC: Silva vs. Delgado,2026-09-12,David Martinez,http://ufcstats.com/fighter-details/9a97acbfd5a08bfa,Dan Ige,http://ufcstats.com/fighter-details/82a5152216251682,Bantamweight,Men,U-DEC,3,5:00,http://ufcstats.com/fight-details/51caa91f68873cf5,Dan Ige,0,5 of 43,11%,5 of 43,0 of 0,---,0,0,0:02,1991-08-06,35.1
Noche UFC: Silva vs. Delgado,2026-09-12,Tim Elliott,http://ufcstats.com/fighter-details/c96d9178c9ed9e62,Edgar Chairez,http://ufcstats.com/fighter-details/5ef94841c4bc3f86,Catch Weight,Men,U-DEC,3,5:00,http://ufcstats.com/fight-details/f154037892b9fb94,Tim Elliott,0,27 of 63,42%,48 of 85,1 of 3,33%,0,0,1:12,1986-12-24,39.72
Noche UFC: Silva vs. Delgado,2026-09-12,Tim Elliott,http://ufcstats.com/fighter-details/c96d9178c9ed9e62,Edgar Chairez,http://ufcstats.com/fighter-details/5ef94841c4bc3f86,Catch Weight,Men,U-DEC,3,5:00,http://ufcstats.com/fight-details/f154037892b9fb94,Edgar Chairez,0,25 of 58,43%,26 of 59,0 of 0,---,0,0,0:00,1996-01-27,30.63
Noche UFC: Silva vs. Delgado,2026-09-12,Ignacio Bahamondes,http://ufcstats.com/fighter-details/e4a47b07044ddd72,Muslim Salikhov,http://ufcstats.com/fighter-details/447f9858ae78f921,Welterweight,Men,U-DEC,3,5:00,http://ufcstats.com/fight-details/046c22f769fd8300,Ignacio Bahamondes,0,23 of 55,41%,23 of 55,0 of 0,---,0,0,0:00,1997-08-27,29.04
Noche UFC: Silva vs. Delgado,2026-09-12,Ignacio Bahamondes,http://ufcstats.com/fighter-details/e4a47b07044ddd72,Muslim Salikhov,http://ufcstats.com/fighter-details/447f9858ae78f921,Welterweight,Men,U-DEC,3,5:00,http://ufcstats.com/fight-details/046c22f769fd8300,Muslim Salikhov,0,13 of 31,41%,13 of 31,0 of 2,0%,0,0,0:02,1984-06-09,42.26
Noche UFC: Silva vs. Delgado,2026-09-12,Yousri Belgaroui,http://ufcstats.com/fighter-details/7674b836ce0698a0,Djorden Santos,http://ufcstats.com/fighter-details/312f7d7b2b2f7de4,Middleweight,Men,KO/TKO Punch,1,4:25,http://ufcstats.com/fight-details/9a0e77ecd1b7f04e,Yousri Belgaroui,1,46 of 81,56%,46 of 81,0 of 0,---,0,0,0:00,1992-06-02,34.28
Noche UFC: Silva vs. Delgado,2026-09-12,Yousri Belgaroui,http://ufcstats.com/fighter-details/7674b836ce0698a0,Djorden Santos,http://ufcstats.com/fighter-details/312f7d7b2b2f7de4,Middleweight,Men,KO/TKO Punch,1,4:25,http://ufcstats.com/fight-details/9a0e77ecd1b7f04e,Djorden Santos,0,16 of 48,33%,16 of 48,0 of 0,---,0,0,0:00,1997-08-01,29.11
Noche UFC: Silva vs. Delgado,2026-09-12,Tommy Gantt,http://ufcstats.com/fighter-details/de83f920fd302871,Drakkar Klose,http://ufcstats.com/fighter-details/7cbf7c78d3b34218,Lightweight,Men,SUB Triangle Choke,3,2:46,http://ufcstats.com/fight-details/0aa849ca85e4355a,Drakkar Klose,0,3 of 5,60%,30 of 33,0 of 0,---,0,0,0:00,1993-01-09,33.67
Noche UFC: Silva vs. Delgado,2026-09-12,Tommy Gantt,http://ufcstats.com/fighter-details/de83f920fd302871,Drakkar Klose,http://ufcstats.com/fighter-details/7cbf7c78d3b34218,Lightweight,Men,SUB Triangle Choke,3,2:46,http://ufcstats.com/fight-details/0aa849ca85e4355a,Tommy Gantt,0,22 of 28,78%,43 of 51,1 of 2,50%,0,0,4:00,1988-03-09,38.51
Noche UFC: Silva vs. Delgado,2026-09-12,Rongzhu,http://ufcstats.com/fighter-details/a13d755965a4ec9f,Rafa Garcia,http://ufcstats.com/fighter-details/e132d47bd9efbbe0,Lightweight,Men,U-DEC,3,5:00,http://ufcstats.com/fight-details/d0d48877bf3724d1,Rafa Garcia,0,21 of 50,42%,21 of 50,1 of 1,100%,0,0,0:28,2000-03-07,26.52
Noche UFC: Silva vs. Delgado,2026-09-12,Rongzhu,http://ufcstats.com/fighter-details/a13d755965a4ec9f,Rafa Garcia,http://ufcstats.com/fighter-details/e132d47bd9efbbe0,Lightweight,Men,U-DEC,3,5:00,http://ufcstats.com/fight-details/d0d48877bf3724d1,Rongzhu,0,29 of 69,42%,29 of 69,0 of 0,---,0,0,0:00,1994-08-05,32.1
Noche UFC: Silva vs. Delgado,2026-09-12,Sean King III,http://ufcstats.com/fighter-details/41523699f37d400c,Jessie Rosas,http://ufcstats.com/fighter-details/d1026588fa65693f,Featherweight,Men,KO/TKO Slam,1,0:36,http://ufcstats.com/fight-details/5a91827fe8c1dc26,Sean King III,0,7 of 13,53%,7 of 13,1 of 1,100%,0,0,0:04,2003-10-17,22.9
Noche UFC: Silva vs. Delgado,2026-09-12,Sean King III,http://ufcstats.com/fighter-details/41523699f37d400c,Jessie Rosas,http://ufcstats.com/fighter-details/d1026588fa65693f,Featherweight,Men,KO/TKO Slam,1,0:36,http://ufcstats.com/fight-details/5a91827fe8c1dc26,Jessie Rosas,0,3 of 6,50%,3 of 6,0 of 0,---,0,0,0:00,2002-12-04,23.77
Noche UFC: Silva vs. Delgado,2026-09-12,Regina Tarin,http://ufcstats.com/fighter-details/9f5609dba6584ab2,JJ Aldrich,http://ufcstats.com/fighter-details/6fd953151d981979,Women's Flyweight,Women,U-DEC,3,5:00,http://ufcstats.com/fight-details/64da2e60f1b472fa,JJ Aldrich,0,21 of 37,56%,29 of 45,0 of 1,0%,0,0,0:33,2004-10-19,21.9
Noche UFC: Silva vs. Delgado,2026-09-12,Regina Tarin,http://ufcstats.com/fighter-details/9f5609dba6584ab2,JJ Aldrich,http://ufcstats.com/fighter-details/6fd953151d981979,Women's Flyweight,Women,U-DEC,3,5:00,http://ufcstats.com/fight-details/64da2e60f1b472fa,Regina Tarin,0,22 of 52,42%,25 of 55,0 of 0,---,0,0,0:00,1992-09-29,33.95
UFC Fight Night: Nurmagomedov vs. Song,2026-08-29,Song Yadong,http://ufcstats.com/fighter-details/efb96bf3e9ada36f,Umar Nurmagomedov,http://ufcstats.com/fighter-details/2b6fc1c02736833d,Bantamweight,Men,KO/TKO Punch,2,1:48,http://ufcstats.com/fight-details/228fefc6923c40a5,Umar Nurmagomedov,0,7 of 10,70%,17 of 21,1 of 1,100%,0,0,1:58,1997-12-02,28.74
UFC Fight Night: Nurmagomedov vs. Song,2026-08-29,Song Yadong,http://ufcstats.com/fighter-details/efb96bf3e9ada36f,Umar Nurmagomedov,http://ufcstats.com/fighter-details/2b6fc1c02736833d,Bantamweight,Men,KO/TKO Punch,2,1:48,http://ufcstats.com/fight-details/228fefc6923c40a5,Song Yadong,0,5 of 10,50%,18 of 23,0 of 0,---,1,0,0:00,1996-01-03,30.65
UFC Fight Night: Nurmagomedov vs. Song,2026-08-29,Denise Gomes,http://ufcstats.com/fighter-details/cffb87059e645bd1,Yan Xiaonan,http://ufcstats.com/fighter-details/c41d426cc7326d1b,Women's Strawweight,Women,KO/TKO Elbow,1,4:49,http://ufcstats.com/fight-details/73cb6c4e060c4ee9,Yan Xiaonan,0,19 of 59,32%,19 of 59,0 of 0,---,0,0,0:00,1999-12-30,26.66
UFC Fight Night: Nurmagomedov vs. Song,2026-08-29,Denise Gomes,http://ufcstats.com/fighter-details/cffb87059e645bd1,Yan Xiaonan,http://ufcstats.com/fighter-details/c41d426cc7326d1b,Women's Strawweight,Women,KO/TKO Elbow,1,4:49,http://ufcstats.com/fight-details/73cb6c4e060c4ee9,Denise Gomes,1,18 of 48,37%,20 of 50,0 of 0,---,0,0,0:00,1989-06-16,37.2
UFC Fight Night: Nurmagomedov vs. Song,2026-08-29,Kai Asakura,http://ufcstats.com/fighter-details/d33da8a3d82bdb62,Aoriqileng,http://ufcstats.com/fighter-details/7d420039bbfe7c1a,Bantamweight,Men,KO/TKO Punches,2,0:34,http://ufcstats.com/fight-details/4af8cb715ac0d459,Aoriqileng,0,13 of 25,52%,17 of 29,0 of 0,---,0,0,0:00,1993-10-31,32.83
UFC Fight Night: Nurmagomedov vs. Song,2026-08-29,Kai Asakura,http://ufcstats.com/fighter-details/d33da8a3d82bdb62,Aoriqileng,http://ufcstats.com/fighter-details/7d420039bbfe7c1a,Bantamweight,Men,KO/TKO Punches,2,0:34,http://ufcstats.com/fight-details/4af8cb715ac0d459,Kai Asakura,0,15 of 34,44%,17 of 36,0 of 1,0%,0,0,0:33,1993-06-25,33.18
UFC Fight Night: Nurmagomedov vs. Song,2026-08-29,Sumudaerji,http://ufcstats.com/fighter-details/3cf18e01cb6cbde3,Alex Perez,http://ufcstats.com/fighter-details/ab2b4ff41d6ebe0f,Flyweight,Men,U-DEC,3,5:00,http://ufcstats.com/fight-details/48a5d9c4592d2f2a,Alex Perez,0,3 of 21,14%,13 of 32,1 of 1,100%,0,0,1:31,1996-01-20,30.61
UFC Fight Night: Nurmagomedov vs. Song,2026-08-29,Sumudaerji,http://ufcstats.com/fighter-details/3cf18e01cb6cbde3,Alex Perez,http://ufcstats.com/fighter-details/ab2b4ff41d6ebe0f,Flyweight,Men,U-DEC,3,5:00,http://ufcstats.com/fight-details/48a5d9c4592d2f2a,Sumudaerji,0,12 of 28,42%,25 of 41,0 of 0,---,0,0,0:00,1992-03-21,34.44
UFC Fight Night: Nurmagomedov vs. Song,2026-08-29,Liu Ce,http://ufcstats.com/fighter-details/a9936818d709e2d7,Levi Rodrigues Jr.,http://ufcstats.com/fighter-details/9ac4e43ed56429ed,Light Heavyweight,Men,KO/TKO Punch,1,4:26,http://ufcstats.com/fight-details/f894989058f2bb05,Liu Ce,2,59 of 82,71%,60 of 83,0 of 0,---,0,0,0:04,1996-09-04,29.98
UFC Fight Night: Nurmagomedov vs. Song,2026-08-29,Liu Ce,http://ufcstats.com/fighter-details/a9936818d709e2d7,Levi Rodrigues Jr.,http://ufcstats.com/fighter-details/9ac4e43ed56429ed,Light Heavyweight,Men,KO/TKO Punch,1,4:26,http://ufcstats.com/fight-details/f894989058f2bb05,Levi Rodrigues Jr.,0,28 of 57,49%,28 of 57,0 of 2,0%,0,0,0:44,1996-10-15,29.87
UFC Fight Night: Nurmagomedov vs. Song,2026-08-29,Bilal Hasan,http://ufcstats.com/fighter-details/5182316da3c1d891,Nilson Rojas,http://ufcstats.com/fighter-details/bf60dd3256801649,Flyweight,Men,KO/TKO Punch,2,2:28,http://ufcstats.com/fight-details/1fe768d599c159dc,Bilal Hasan,0,38 of 88,43%,41 of 96,1 of 1,100%,0,0,1:03,2001-07-16,25.12
UFC Fight Night: Nurmagomedov vs. Song,2026-08-29,Bilal Hasan,http://ufcstats.com/fighter-details/5182316da3c1d891,Nilson Rojas,http://ufcstats.com/fighter-details/bf60dd3256801649,Flyweight,Men,KO/TKO Punch,2,2:28,http://ufcstats.com/fight-details/1fe768d599c159dc,Nilson Rojas,0,17 of 38,44%,21 of 42,0 of 0,---,0,0,0:03,1999-04-21,27.36
UFC Fight Night: Nurmagomedov vs. Song,2026-08-29,Andre Lima,http://ufcstats.com/fighter-details/b1f21ce050035d58,Namsrai Batbayar,http://ufcstats.com/fighter-details/e1f8beeb6d2d871a,Flyweight,Men,SUB Guillotine Choke,3,3:03,http://ufcstats.com/fight-details/80f7f5405d5ffca0,Namsrai Batbayar,0,12 of 44,27%,12 of 44,0 of 0,---,0,0,0:00,1999-02-04,27.56
UFC Fight Night: Nurmagomedov vs. Song,2026-08-29,Andre Lima,http://ufcstats.com/fighter-details/b1f21ce050035d58,Namsrai Batbayar,http://ufcstats.com/fighter-details/e1f8beeb6d2d871a,Flyweight,Men,SUB Guillotine Choke,3,3:03,http://ufcstats.com/fight-details/80f7f5405d5ffca0,Andre Lima,0,14 of 20,70%,14 of 20,0 of 0,---,0,0,0:00,2000-12-29,25.66
UFC Fight Night: Nurmagomedov vs. Song,2026-08-29,Rei Tsuruya,http://ufcstats.com/fighter-details/2f43a3e82661fa99,Kevin Borjas,http://ufcstats.com/fighter-details/34b96d52db1d26e6,Flyweight,Men,SUB Rear Naked Choke,1,4:14,http://ufcstats.com/fight-details/ec5281a72f09d8ac,Rei Tsuruya,0,39 of 67,58%,71 of 101,2 of 4,50%,1,0,3:58,2002-06-22,24.19
UFC Fight Night: Nurmagomedov vs. Song,2026-08-29,Rei Tsuruya,http://ufcstats.com/fighter-details/2f43a3e82661fa99,Kevin Borjas,http://ufcstats.com/fighter-details/34b96d52db1d26e6,Flyweight,Men,SUB Rear Naked Choke,1,4:14,http://ufcstats.com/fight-details/ec5281a72f09d8ac,Kevin Borjas,0,0 of 0,---,1 of 3,0 of 0,---,0,0,0:00,1997-12-06,28.73
UFC Fight Night: Nurmagomedov vs. Song,2026-08-29,Sean Woodson,http://ufcstats.com/fighter-details/4682bc59d5f55145,Jack Jenkins,http://ufcstats.com/fighter-details/a9da3158dd2c2b5a,Featherweight,Men,S-DEC,3,5:00,http://ufcstats.com/fight-details/8a980234dab7ae43,Jack Jenkins,0,13 of 36,36%,13 of 36,0 of 0,---,0,0,0:00,1992-06-07,34.23
UFC Fight Night: Nurmagomedov vs. Song,2026-08-29,Sean Woodson,http://ufcstats.com/fighter-details/4682bc59d5f55145,Jack Jenkins,http://ufcstats.com/fighter-details/a9da3158dd2c2b5a,Featherweight,Men,S-DEC,3,5:00,http://ufcstats.com/fight-details/8a980234dab7ae43,Sean Woodson,0,25 of 60,41%,25 of 60,0 of 0,---,0,0,0:00,1993-11-03,32.82
UFC Fight Night: Nurmagomedov vs. Song,2026-08-29,Francesco Nuzzi,http://ufcstats.com/fighter-details/874cfc98877daecd,Xiao Long,http://ufcstats.com/fighter-details/86bace9e4ad85542,Bantamweight,Men,KO/TKO Punches,1,1:00,http://ufcstats.com/fight-details/636867bbc9f96739,Xiao Long,0,4 of 7,57%,4 of 7,0 of 0,---,0,0,0:00,1996-08-28,30.0
UFC Fight Night: Nurmagomedov vs. Song,2026-08-29,Francesco Nuzzi,http://ufcstats.com/fighter-details/874cfc98877daecd,Xiao Long,http://ufcstats.com/fighter-details/86bace9e4ad85542,Bantamweight,Men,KO/TKO Punches,1,1:00,http://ufcstats.com/fight-details/636867bbc9f96739,Francesco Nuzzi,1,11 of 20,55%,12 of 21,0 of 0,---,0,0,0:02,1998-04-13,28.38
UFC Fight Night: Nurmagomedov vs. Song,2026-08-29,Hector Santiago,http://ufcstats.com/fighter-details/8e4902b4a8045070,Lawrence Lui,http://ufcstats.com/fighter-details/a1ad35b98a9136e5,Bantamweight,Men,KO/TKO Punch,2,0:53,http://ufcstats.com/fight-details/ab5922e10699e869,Lawrence Lui,0,25 of 47,53%,25 of 47,0 of 1,0%,0,0,0:01,1993-03-21,33.44
UFC Fight Night: Nurmagomedov vs. Song,2026-08-29,Hector Santiago,http://ufcstats.com/fighter-details/8e4902b4a8045070,Lawrence Lui,http://ufcstats.com/fighter-details/a1ad35b98a9136e5,Bantamweight,Men,KO/TKO Punch,2,0:53,http://ufcstats.com/fight-details/ab5922e10699e869,Hector Santiago,0,20 of 86,23%,22 of 88,0 of 0,---,0,0,0:01,1996-08-04,30.07
UFC Fight Night: Nurmagomedov vs. Song,2026-08-29,Julia Polastri,http://ufcstats.com/fighter-details/abb68e3c7ca128f2,Xiong Jingnan,http://ufcstats.com/fighter-details/2cdb479a0ef0ee1d,Women's Strawweight,Women,KO/TKO Kick,1,3:06,http://ufcstats.com/fight-details/6206c62fc8f0b71b,Xiong Jingnan,0,16 of 42,38%,16 of 44,0 of 0,---,0,0,0:00,1998-03-05,28.48
UFC Fight Night: Nurmagomedov vs. Song,2026-08-29,Julia Polastri,http://ufcstats.com/fighter-details/abb68e3c7ca128f2,Xiong Jingnan,http://ufcstats.com/fighter-details/2cdb479a0ef0ee1d,Women's Strawweight,Women,KO/TKO Kick,1,3:06,http://ufcstats.com/fight-details/6206c62fc8f0b71b,Julia Polastri,1,16 of 25,64%,16 of 25,0 of 0,---,0,0,0:00,1988-01-12,38.63
UFC Fight Night: Nurmagomedov vs. Song,2026-08-29,Cam Nelson,http://ufcstats.com/fighter-details/34d4cae19105eb68,Ding Meng,http://ufcstats.com/fighter-details/e0664abaa023fd6f,Welterweight,Men,U-DEC,3,5:00,http://ufcstats.com/fight-details/6cd4457edf4089f9,Ding Meng,0,13 of 30,43%,23 of 41,0 of 0,---,0,0,0:00,1998-07-28,28.09
UFC Fight Night: Nurmagomedov vs. Song,2026-08-29,Cam Nelson,http://ufcstats.com/fighter-details/34d4cae19105eb68,Ding Meng,http://ufcstats.com/fighter-details/e0664abaa023fd6f,Welterweight,Men,U-DEC,3,5:00,http://ufcstats.com/fight-details/6cd4457edf4089f9,Cam Nelson,0,18 of 26,69%,19 of 28,1 of 1,100%,0,0,1:54,1994-09-27,31.92
