event,fighter_1,fighter_2,weight_class,method,round,time,fight_url,fighter,kd,sig_str,sig_str_pct,total_str,td,td_pct,sub_att,rev,ctrl
Noche UFC: Silva vs. Delgado,Jean Silva,Jose Delgado,Featherweight,SUBRear Naked Choke,3,2:57,http://ufcstats.com/fight-details/034c04e480d87b8f,Jean Silva,0,3 of 5,60%,3 of 5,0 of 1,0%,0,0,0:11
Noche UFC: Silva vs. Delgado,Jean Silva,Jose Delgado,Featherweight,SUBRear Naked Choke,3,2:57,http://ufcstats.com/fight-details/034c04e480d87b8f,Jose Delgado,0,17 of 34,50%,18 of 35,0 of 0,---,0,0,0:21
Noche UFC: Silva vs. Delgado,Brandon Moreno,Joseph Morales,Flyweight,S-DEC,3,5:00,http://ufcstats.com/fight-details/1aa008d8597a73b8,Brandon Moreno,0,27 of 72,37%,29 of 74,0 of 0,---,0,0,0:13
Noche UFC: Silva vs. Delgado,Brandon Moreno,Joseph Morales,Flyweight,S-DEC,3,5:00,http://ufcstats.com/fight-details/1aa008d8597a73b8,Joseph Morales,0,29 of 76,38%,29 of 76,1 of 2,50%,0,0,0:21
Noche UFC: Silva vs. Delgado,Tommy McMillen,Marwan Rahiki,Featherweight,U-DEC,3,5:00,http://ufcstats.com/fight-details/1fca7dfa9e1e15cb,Tommy McMillen,0,29 of 87,33%,29 of 87,1 of 1,100%,0,0,0:21
Noche UFC: Silva vs. Delgado,Tommy McMillen,Marwan Rahiki,Featherweight,U-DEC,3,5:00,http://ufcstats.com/fight-details/1fca7dfa9e1e15cb,Marwan Rahiki,0,23 of 76,30%,23 of 76,0 of 0,---,0,0,0:00
Noche UFC: Silva vs. Delgado,Alexa Grasso,Manon Fiorot,Women's Flyweight,U-DEC,3,5:00,http://ufcstats.com/fight-details/d9712b45c094730e,Manon Fiorot,0,21 of 75,28%,22 of 76,0 of 0,---,0,0,0:02
Noche UFC: Silva vs. Delgado,Alexa Grasso,Manon Fiorot,Women's Flyweight,U-DEC,3,5:00,http://ufcstats.com/fight-details/d9712b45c094730e,Alexa Grasso,1,33 of 74,44%,48 of 90,0 of 0,---,0,0,0:43
Noche UFC: Silva vs. Delgado,Curtis Blaydes,Waldo Cortes Acosta,Heavyweight,U-DEC,3,5:00,http://ufcstats.com/fight-details/606639bf387f60e2,Waldo Cortes Acosta,0,7 of 23,30%,8 of 24,0 of 0,---,0,0,0:00
Noche UFC: Silva vs. Delgado,Curtis Blaydes,Waldo Cortes Acosta,Heavyweight,U-DEC,3,5:00,http://ufcstats.com/fight-details/606639bf387f60e2,Curtis Blaydes,0,7 of 27,25%,7 of 27,1 of 3,33%,0,0,1:13
Noche UFC: Silva vs. Delgado,David Martinez,Dan Ige,Bantamweight,U-DEC,3,5:00,http://ufcstats.com/fight-details/51caa91f68873cf5,David Martinez,0,17 of 34,50%,17 of 34,0 of 0,---,0,0,0:00
Noche UFC: Silva vs. Delgado,David Martinez,Dan Ige,Bantamweight,U-DEC,3,5:00,http://ufcstats.com/fight-details/51caa91f68873cf5,Dan Ige,0,5 of 43,11%,5 of 43,0 of 0,---,0,0,0:02
Noche UFC: Silva vs. Delgado,Tim Elliott,Edgar Chairez,Catch Weight,U-DEC,3,5:00,http://ufcstats.com/fight-details/f154037892b9fb94,Tim Elliott,0,27 of 63,42%,48 of 85,1 of 3,33%,0,0,1:12
Noche UFC: Silva vs. Delgado,Tim Elliott,Edgar Chairez,Catch Weight,U-DEC,3,5:00,http://ufcstats.com/fight-details/f154037892b9fb94,Edgar Chairez,0,25 of 58,43%,26 of 59,0 of 0,---,0,0,0:00
Noche UFC: Silva vs. Delgado,Ignacio Bahamondes,Muslim Salikhov,Welterweight,U-DEC,3,5:00,http://ufcstats.com/fight-details/046c22f769fd8300,Ignacio Bahamondes,0,23 of 55,41%,23 of 55,0 of 0,---,0,0,0:00
Noche UFC: Silva vs. Delgado,Ignacio Bahamondes,Muslim Salikhov,Welterweight,U-DEC,3,5:00,http://ufcstats.com/fight-details/046c22f769fd8300,Muslim Salikhov,0,13 of 31,41%,13 of 31,0 of 2,0%,0,0,0:02
Noche UFC: Silva vs. Delgado,Yousri Belgaroui,Djorden Santos,Middleweight,KO/TKOPunch,1,4:25,http://ufcstats.com/fight-details/9a0e77ecd1b7f04e,Yousri Belgaroui,1,46 of 81,56%,46 of 81,0 of 0,---,0,0,0:00
Noche UFC: Silva vs. Delgado,Yousri Belgaroui,Djorden Santos,Middleweight,KO/TKOPunch,1,4:25,http://ufcstats.com/fight-details/9a0e77ecd1b7f04e,Djorden Santos,0,16 of 48,33%,16 of 48,0 of 0,---,0,0,0:00
Noche UFC: Silva vs. Delgado,Tommy Gantt,Drakkar Klose,Lightweight,SUBTriangle Choke,3,2:46,http://ufcstats.com/fight-details/0aa849ca85e4355a,Drakkar Klose,0,3 of 5,60%,30 of 33,0 of 0,---,0,0,0:00
Noche UFC: Silva vs. Delgado,Tommy Gantt,Drakkar Klose,Lightweight,SUBTriangle Choke,3,2:46,http://ufcstats.com/fight-details/0aa849ca85e4355a,Tommy Gantt,0,22 of 28,78%,43 of 51,1 of 2,50%,0,0,4:00
Noche UFC: Silva vs. Delgado,Rongzhu,Rafa Garcia,Lightweight,U-DEC,3,5:00,http://ufcstats.com/fight-details/d0d48877bf3724d1,Rafa Garcia,0,21 of 50,42%,21 of 50,1 of 1,100%,0,0,0:28
Noche UFC: Silva vs. Delgado,Rongzhu,Rafa Garcia,Lightweight,U-DEC,3,5:00,http://ufcstats.com/fight-details/d0d48877bf3724d1,Rongzhu,0,29 of 69,42%,29 of 69,0 of 0,---,0,0,0:00
Noche UFC: Silva vs. Delgado,Sean King III,Jessie Rosas,Featherweight,KO/TKOSlam,1,0:36,http://ufcstats.com/fight-details/5a91827fe8c1dc26,Sean King III,0,7 of 13,53%,7 of 13,1 of 1,100%,0,0,0:04
Noche UFC: Silva vs. Delgado,Sean King III,Jessie Rosas,Featherweight,KO/TKOSlam,1,0:36,http://ufcstats.com/fight-details/5a91827fe8c1dc26,Jessie Rosas,0,3 of 6,50%,3 of 6,0 of 0,---,0,0,0:00
Noche UFC: Silva vs. Delgado,Regina Tarin,JJ Aldrich,Women's Flyweight,U-DEC,3,5:00,http://ufcstats.com/fight-details/64da2e60f1b472fa,JJ Aldrich,0,21 of 37,56%,29 of 45,0 of 1,0%,0,0,0:33
Noche UFC: Silva vs. Delgado,Regina Tarin,JJ Aldrich,Women's Flyweight,U-DEC,3,5:00,http://ufcstats.com/fight-details/64da2e60f1b472fa,Regina Tarin,0,22 of 52,42%,25 of 55,0 of 0,---,0,0,0:00
