fight_id,bonus_type
21392a61a2cf24a3,Knockout of the Night
1bf7f647f309464e,Performance of the Night
8348ff428d1687ab,Submission of the Night
78f1457371e2ef6b,Performance of the Night
0a1cd93703423bf3,Fight of the Night
f521ecde1e96a1bd,Performance of the Night
c88a7dbe7717d2da,Performance of the Night
aa08ebe1a69c76ca,Performance of the Night
88b225f6f1fa5c59,Knockout of the Night
c62d5962b99938de,Knockout of the Night
011d818ec9bb3de6,Fight of the Night
ae674ec42bd0a979,Fight of the Night
7cfb05c08ec91525,Performance of the Night
181ce41897b37352,Fight of the Night
a2e2d0e8b94d8eba,Submission of the Night
034cbbec91f67852,Performance of the Night
5eebde8fb4d67259,Performance of the Night
13fa791f0772250c,Fight of the Night
2a8ff828e4891b82,Submission of the Night
6baa381a75582d98,Knockout of the Night
bb007be9f60ab3da,Knockout of the Night
4a00db8aeff200a2,Performance of the Night
dab5e3680cf6eac7,Knockout of the Night
5081319e58f9759f,Performance of the Night
4db2d86ebe8c8abd,Performance of the Night
eaa885cf7ae31e0b,Performance of the Night
7736eb6bd5c1ff4a,Performance of the Night
a5d2f0fed3ce2899,Performance of the Night
7b1bc4ff776f12c1,Performance of the Night
2c54be25b09fce50,Performance of the Night
7f0175f71481b63d,Performance of the Night
46860358da8b8d82,Performance of the Night
74c58b9d638c5eaa,Performance of the Night
1308213458d8596b,Performance of the Night
ef270d8cf29d071b,Performance of the Night
c60a317c7767abb7,Performance of the Night
4305cb30533dac77,Performance of the Night
cf0a6466b762c668,Fight of the Night
6ab9d2d334f613c8,Fight of the Night
fc29884851f9cebb,Performance of the Night
bd52e19f2fbefdde,Performance of the Night
2f0cbf0502173a79,Fight of the Night
5000a0bde6213fd9,Submission of the Night
5498622706d8dc17,Submission of the Night
4a9b3b97fa2bbca9,Submission of the Night
43e8fcd8e4d015fb,Submission of the Night
11b5d0cfccb73d2f,Knockout of the Night
ec5e9ce2be2e1586,Knockout of the Night
f0b117394e52996b,Performance of the Night
918c2efc59c1952e,Fight of the Night
37835a0f9bbb4d4e,Performance of the Night
d3f44fedc561d2d5,Performance of the Night
9a678f346946b6a4,Performance of the Night
7e6f12a95c14f9de,Performance of the Night
c0329bd8d3b302c6,Performance of the Night
e0f8e1e8cbdd63da,Performance of the Night
1f63949591ad61bd,Performance of the Night
530fb0d1a26fc57a,Performance of the Night
f47a32ec7dfda660,Performance of the Night
4c7390e4d169f6ff,Performance of the Night
31f12d3f95576ef4,Fight of the Night
f914dd2414f9a0ae,Knockout of the Night
31f12d3f95576ef4,Submission of the Night
f7cd0a90da3be3b2,Knockout of the Night
1e2677e481a587fd,Knockout of the Night
3368c2419e259992,Submission of the Night
483d934c46351c78,Submission of the Night
867904bc58d656df,Knockout of the Night
fd230ba169b3f2b6,Knockout of the Night
a8dc7400f270a144,Submission of the Night
c7be6a466d1d0a1e,Knockout of the Night
20dda78057d17a5a,Performance of the Night
f63961f9d14bc33d,Performance of the Night
f2ca358ea9bec156,Fight of the Night
d042d18ad568190a,Performance of the Night
6c2097664ac1bf16,Performance of the Night
e6663b2c16df6191,Knockout of the Night
9b9591a4f7febe32,Fight of the Night
edc00a33666b0b59,Submission of the Night
5c55530a258a9e41,Fight of the Night
9c24c03131d5b49a,Performance of the Night
f02c0adc4ae629c6,Performance of the Night
12683e06369d1a83,Performance of the Night
a103b30f6898de7e,Fight of the Night
bc0779b232828e67,Submission of the Night
d85c76a61a820be9,Performance of the Night
0d5356c506111a57,Fight of the Night
0d5356c506111a57,Performance of the Night
692241119228cc82,Performance of the Night
4942323a5d5a6594,Fight of the Night
3195350c98c9491d,Knockout of the Night
7580c93fec606442,Performance of the Night
d83ae4a2e117b775,Performance of the Night
a84d032d7d217427,Fight of the Night
a84d032d7d217427,Performance of the Night
f9373ab59b7a853b,Performance of the Night
c245be6698c1e378,Performance of the Night
91a5480f48bfaa71,Performance of the Night
1ab1ed99a4bc5494,Performance of the Night
81cde317c156723b,Performance of the Night
80108a70c4afa6c2,Performance of the Night
ca7d61e167d7789c,Fight of the Night
b35e47f2f58ef026,Performance of the Night
636fd144716a3084,Performance of the Night
5ab286735ccee803,Performance of the Night
834968d130e1f0e9,Fight of the Night
8af511cc6e6a9678,Submission of the Night
43f0495855470427,Knockout of the Night
0aa5be9d0e75dd42,Fight of the Night
65ce293c20bd25e2,Submission of the Night
57385188587c83b9,Fight of the Night
3ee578ddd071ad4c,Fight of the Night
031e6624f96aceb8,Fight of the Night
7ada9af99946d456,Performance of the Night
01733579ef03be00,Submission of the Night
c7780ac294530c0d,Performance of the Night
464133df9ca19865,Fight of the Night
5b0fcecc55bebd5c,Performance of the Night
82448697e7a44028,Performance of the Night
27ff1bfeb2d50b38,Knockout of the Night
093ebd3375591101,Fight of the Night
cd54325a9a538837,Performance of the Night
c0ca05832f518fef,Performance of the Night
7e6f91cbf8e93210,Performance of the Night
8c9ff13791378784,Performance of the Night
2615d94ab16380f9,Performance of the Night
420f4e4dc341eb57,Fight of the Night
5df4632f6238e612,Fight of the Night
7094c05bf73eee81,Performance of the Night
68a93f8eb34f3251,Performance of the Night
f0cf2ca8e5c621a8,Fight of the Night
f0cf2ca8e5c621a8,Submission of the Night
5b6405eeb6757637,Performance of the Night
20b569f81522c897,Fight of the Night
ed697b0ef9d455e4,Fight of the Night
d02ac0447fb2a7a0,Fight of the Night
10dce5da0c70ad81,Fight of the Night
28eea8d7e7b3f2aa,Submission of the Night
45f00a42a17f8e2a,Performance of the Night
24581e2b39fe3319,Performance of the Night
b5299e5b946015e5,Fight of the Night
a18edcb638ba7e39,Performance of the Night
6e1bf1b163b3aeab,Performance of the Night
997ab1ea9fab5643,Fight of the Night
4218d1d1ce6d322c,Performance of the Night
b1b20c686dfe3204,Performance of the Night
a602c68147b752b2,Performance of the Night
a8f8245096eaf0cd,Performance of the Night
19ef5890b20f903a,Fight of the Night
96704d7ba3a452d9,Fight of the Night
dc0ab34f1952cb48,Performance of the Night
8abe79e6d300b639,Knockout of the Night
0091e56e746971f4,Knockout of the Night
ba9438f43e212f52,Fight of the Night
aec1339028f3416c,Performance of the Night
06f37329b223b451,Performance of the Night
8c220d4c96895a98,Performance of the Night
bb70048e290f4a86,Submission of the Night
a8ec9c513d28c25c,Fight of the Night
5ff8463edf8155c0,Performance of the Night
a8ec9c513d28c25c,Submission of the Night
0ccd16201ac41ef8,Fight of the Night
0ccd16201ac41ef8,Performance of the Night
1cbb930fb77a3781,Fight of the Night
5a79d4b9a8f8352f,Performance of the Night
c3939438ae7934df,Performance of the Night
ec659c4e19f62700,Performance of the Night
3278e45b30f7dd33,Performance of the Night
279b4190d9ef1379,Fight of the Night
282d8651ca34b7f6,Submission of the Night
57bbe424b0d6837c,Knockout of the Night
81734d11cb6a8ebb,Submission of the Night
96da5813683649f5,Knockout of the Night
31362d9ea15127b2,Submission of the Night
27cdd152218b44d4,Submission of the Night
3825f998c01cbeab,Submission of the Night
64542fe846b9aea9,Performance of the Night
29657325bfc1d590,Fight of the Night
ecb4534c0066c5f3,Fight of the Night
0031c043c9f14eb8,Fight of the Night
b0f4c7788782e26e,Performance of the Night
49d065270f57ad99,Knockout of the Night
f0e299c134cbac37,Knockout of the Night
aa11f2375ee2118f,Fight of the Night
405c0b8d3960016d,Performance of the Night
5965800d88e0677c,Performance of the Night
7072a324a82c4297,Performance of the Night
b57aaf04af8bdd34,Performance of the Night
42d09ca167ecae07,Performance of the Night
f966ed41316504b9,Fight of the Night
1572dbb2433d2201,Knockout of the Night
41b9240c854b0956,Knockout of the Night
15750dc75b7426f3,Knockout of the Night
9d204f44a9988b93,Performance of the Night
fc1f199c8ba32a19,Fight of the Night
fc1f199c8ba32a19,Knockout of the Night
976d2cc3d08ca814,Performance of the Night
1744dad5ab1fe406,Fight of the Night
4c6030fafb46330f,Knockout of the Night
ba1fb8f4eb0cf2c8,Submission of the Night
b823aa523c9618b5,Performance of the Night
ae50a1a655b1a8f6,Performance of the Night
73f451d894a1d4ca,Performance of the Night
b279559f15ecf29b,Performance of the Night
3c98739eb42f96bf,Performance of the Night
b6082b551288aa5a,Performance of the Night
7e695ad026b2ec66,Performance of the Night
a26db2cee9eab1f9,Performance of the Night
d3ccf71e68480007,Fight of the Night
108434acbbd75d26,Performance of the Night
17daeb7e36e60cdf,Performance of the Night
14a40f30e0cb22c9,Performance of the Night
0bdb170e1fef36b6,Performance of the Night
582d66ce97309e29,Fight of the Night
3846db1456151f80,Submission of the Night
d006dd2513bd376d,Performance of the Night
fbbf5391ea25521b,Performance of the Night
b38450d9aa0f52b8,Fight of the Night
ecbc282542a395c2,Performance of the Night
6c5f7f98ec0b6f17,Fight of the Night
4ba97e13df33388b,Performance of the Night
cf9035f2fc2e232f,Performance of the Night
e4849375d1949c74,Performance of the Night
f557405652165aa3,Performance of the Night
c3bb60dc82345a9f,Fight of the Night
5885445f39dac389,Performance of the Night
4a116a55ffaa0d64,Performance of the Night
49bd9a2f1fbebd1f,Performance of the Night
5cee1d8f1e43d6f5,Performance of the Night
241a0833e1c76804,Fight of the Night
f19d1c8ca5660240,Performance of the Night
995d42d9ff422ed1,Submission of the Night
af178adff964d854,Submission of the Night
3445246f8e3eba24,Knockout of the Night
0ea435ddf02deb60,Performance of the Night
523815acf1bb2420,Performance of the Night
256894b49303537b,Fight of the Night
1a0031e2072f21b6,Fight of the Night
1a0031e2072f21b6,Performance of the Night
103a7d8c4f17714b,Fight of the Night
678db400f85ae15c,Performance of the Night
071d488ec8ccf254,Performance of the Night
3249bbbb7ce837ef,Fight of the Night
09f9849d363433a7,Performance of the Night
2bfb60face19904d,Performance of the Night
35e23b1917b59132,Fight of the Night
92d39a17e34cf581,Performance of the Night
32054bf2b36b0e47,Performance of the Night
e64d80dcc6853ea0,Performance of the Night
eb7b0a6f06dbdb4f,Performance of the Night
576b795e33ddd62d,Performance of the Night
00a94d5fc7ce55cf,Performance of the Night
e9d5ffcacf7d8757,Performance of the Night
49694c2d00c581ed,Performance of the Night
138c8807fef52564,Performance of the Night
37a7dc68f3a0e65d,Performance of the Night
5f19b0135414b454,Fight of the Night
00be3852000f8fe9,Performance of the Night
451d7d8c2a6bacb3,Performance of the Night
742fcd610f344810,Fight of the Night
742fcd610f344810,Performance of the Night
82f2afc6d7db44f3,Knockout of the Night
32375b4435fea5e6,Fight of the Night
859ca56770ac7672,Performance of the Night
0f9679fda36f7f41,Performance of the Night
fa2bed87e5d6c568,Fight of the Night
85099c6378ff87c5,Performance of the Night
3b12094dd48c2dc5,Performance of the Night
5095f6290670009d,Performance of the Night
646eeca9447c6965,Fight of the Night
9201312dd860fa5a,Performance of the Night
535b8e5494cbc580,Fight of the Night
ba7250ef080d1603,Performance of the Night
bfcabf1ab823942f,Performance of the Night
5adcbd20eed3795d,Knockout of the Night
eff9207427f0e02c,Knockout of the Night
b091e021e61f1950,Fight of the Night
eadcd1aaf588c786,Knockout of the Night
8d5048daf153078d,Knockout of the Night
e59aabdfba9d6c45,Performance of the Night
17616514e8fdacb9,Performance of the Night
f1afa75c8d492550,Performance of the Night
3fc8afbb23b9ac16,Fight of the Night
e1e31a8dfa9c27f6,Performance of the Night
e7d444e279914116,Knockout of the Night
c742bd1673635ded,Knockout of the Night
f5aff2f858311fbc,Fight of the Night
1af23e7aa71a1d17,Performance of the Night
0d6d212fcdf47f2e,Performance of the Night
70aa6b8f863e6861,Performance of the Night
ad63c30e22e63344,Performance of the Night
120d66cb0da0f3c3,Performance of the Night
a7f66f13f953352f,Performance of the Night
0dff8509f6a861f1,Performance of the Night
eacfc05c3e5ead5e,Fight of the Night
55376d5c205fa844,Performance of the Night
2f91307892d163ce,Performance of the Night
ca8e482388e7ac82,Knockout of the Night
2dd0a47f43dfe8f6,Submission of the Night
c715c165cb3469d2,Submission of the Night
a3902e22c10725c4,Fight of the Night
d03d0abf331df751,Fight of the Night
70af72a72b31fe4d,Performance of the Night
c6dd17ab89437805,Fight of the Night
c6dd17ab89437805,Performance of the Night
b91756d955e14d2e,Performance of the Night
6a5eb525331fa1fc,Performance of the Night
11aac355349ecc94,Performance of the Night
dbc3afd71525c83d,Fight of the Night
f59cefe16905d62c,Performance of the Night
d7a7ba46c4f075d7,Performance of the Night
0d7dc1ed5eb995e4,Fight of the Night
784a57385d0e87ff,Fight of the Night
418b6f692abe9e35,Performance of the Night
97cec48c97e7ea31,Submission of the Night
38957d8eb185391c,Performance of the Night
f0815638f558968d,Knockout of the Night
41b75c9222c33cdf,Performance of the Night
9dd931fd20d6c886,Knockout of the Night
8a660069ae42edc2,Knockout of the Night
91bb64656e13a1d4,Fight of the Night
53343bd123bcf651,Fight of the Night
b5b4b69bccb9ff4a,Performance of the Night
d4ace70b3661ee6c,Performance of the Night
a57969d4ba7d4a79,Performance of the Night
06c0c7dda5a5909d,Fight of the Night
8c082a3c69e2d192,Submission of the Night
5a878a6bebc973d7,Performance of the Night
c739195deef32b45,Submission of the Night
ec041009ce404879,Submission of the Night
5f2065f737591226,Fight of the Night
13ba941eae15552f,Fight of the Night
28d14941a678d34c,Knockout of the Night
10cfd70fdd01fe1f,Knockout of the Night
103dd3ef6e5bd9e2,Fight of the Night
52f77a9f9eb66ab7,Knockout of the Night
8e41d022b55277ae,Fight of the Night
8e41d022b55277ae,Submission of the Night
3dbf17b9946d26db,Submission of the Night
00566b4d89565373,Submission of the Night
a19d619f1b9bee7b,Performance of the Night
08c6b88ac22717ed,Performance of the Night
c67473192bda50d8,Fight of the Night
88a63555728c2025,Performance of the Night
2c160a1d1fdbf0b0,Performance of the Night
3b52291052353eef,Knockout of the Night
03de7404decde12f,Performance of the Night
d470bb3cb98d9ed7,Knockout of the Night
98a1121ffbc47657,Knockout of the Night
0653b6227894cfd7,Submission of the Night
b302e12550278ffd,Performance of the Night
4ace70bff9debdfb,Fight of the Night
4ace70bff9debdfb,Performance of the Night
1d7015553debd1c8,Performance of the Night
648396cc751c730d,Fight of the Night
eed6c9aff2234b7a,Performance of the Night
3d3e7dc7b4bf2bc4,Performance of the Night
6bcea00473e43a59,Performance of the Night
70290140b6a8e038,Performance of the Night
1e603e6aa6d1a750,Performance of the Night
3d468536e8904b93,Performance of the Night
f2ced83baf0457fc,Performance of the Night
24393bea0c4cf49a,Knockout of the Night
9a92d376fba2379d,Performance of the Night
ddc233f8ca7c05aa,Knockout of the Night
a59dfa68457f92bf,Submission of the Night
58811a4e36c53b89,Performance of the Night
66873dde4077bd5d,Performance of the Night
573d3a6984cbcd29,Performance of the Night
f5686732b85adafc,Submission of the Night
ab8b506dd2277da3,Fight of the Night
c27bec45d5a29a2c,Fight of the Night
ab8b506dd2277da3,Submission of the Night
c64c6ba6eb1e1d06,Performance of the Night
0ace7e71f5d66bc9,Performance of the Night
a26ea74f2e908842,Performance of the Night
911b73db91738da6,Performance of the Night
a716172939767cab,Performance of the Night
654127f5b9140be2,Performance of the Night
bd6d144f5c0b6cab,Performance of the Night
ef1cd6371a3f18e0,Performance of the Night
84b66bf7fba2d59d,Performance of the Night
6ea77cb62aa2f276,Performance of the Night
1bc662949337a8c4,Performance of the Night
2dc48a745d6c662b,Performance of the Night
b3c7a5a97978d156,Fight of the Night
69aa797cef2e4782,Performance of the Night
aeb0322f619213b1,Performance of the Night
203b3098d892c3b1,Performance of the Night
1bfb8faa1edd3867,Submission of the Night
68ae50dbf98dc15f,Performance of the Night
dd12bf51c5ed7f1e,Performance of the Night
e2abba69c3371618,Performance of the Night
1c85f793ea4f9caa,Performance of the Night
54c5284c1b792912,Fight of the Night
65d777a16fce2be8,Fight of the Night
d417609ea9670fb3,Performance of the Night
f930743af6564795,Performance of the Night
2cbd53e43d3f606b,Performance of the Night
1de342e9309c5f0f,Performance of the Night
627c0a50cff30405,Performance of the Night
498766b46b8b4a7f,Performance of the Night
c7765a3255701267,Performance of the Night
004885f7983f4658,Fight of the Night
52db9c816eb99800,Performance of the Night
85feac6924abb35b,Performance of the Night
0a2f344e419bd4fd,Performance of the Night
94c7e64ce88c9b9e,Fight of the Night
5ab0e805e90d20d5,Submission of the Night
340d5e6f22ff6ac4,Fight of the Night
93b7ae1e0f79d100,Performance of the Night
a5ea53104392fa9f,Fight of the Night
bbebfc54abbb1d8b,Performance of the Night
18292c8eb20ae045,Performance of the Night
b60bbec8ec98941b,Fight of the Night
7099374e91f9283b,Fight of the Night
fef6b147d5fb90bd,Knockout of the Night
546f971f9d8e0a33,Performance of the Night
9b6806203bc4875a,Submission of the Night
74e92a66b29674a9,Submission of the Night
a23d84f15207e459,Fight of the Night
c0d8a231d2f1d1af,Fight of the Night
a049c12f43914449,Performance of the Night
fbbb703581440496,Performance of the Night
0e809b7e37681783,Performance of the Night
c770192a9f3261cd,Performance of the Night
385101e8ad828c39,Performance of the Night
0e969ae805006d1f,Performance of the Night
357a5bc5de4f545d,Performance of the Night
afb9cbca1ef429a1,Fight of the Night
ecb9c5ae7fd7a5cc,Submission of the Night
210fc45074fba464,Performance of the Night
f44ab9e9e4a89735,Performance of the Night
fac335e6aeff29f5,Submission of the Night
47245dd345d9ef7e,Submission of the Night
66f0238fac31130f,Submission of the Night
2aeba1cc4004d0bc,Submission of the Night
e50857173607d631,Performance of the Night
41c979b223b3fb56,Knockout of the Night
640f2ae3995b3b4f,Performance of the Night
e2f4cd4a9a579488,Performance of the Night
d9ca00b3c62a874d,Performance of the Night
9b39e15b42422a08,Performance of the Night
f3e2038bfb9b5d9d,Fight of the Night
3b6c18a966a2cea4,Performance of the Night
f3e289f1423c0e6f,Performance of the Night
e15b393a27c07043,Fight of the Night
c8998aa536614a5a,Performance of the Night
8b8f9485214f9e48,Fight of the Night
045c298c72fe196a,Fight of the Night
5d7a720a2e2f4749,Fight of the Night
d90567f7d4372160,Fight of the Night
77785292d4df807c,Submission of the Night
90d50fb7e2bf789e,Submission of the Night
db51d17ea03da745,Submission of the Night
bb59b82bddc96cca,Fight of the Night
d0ee52e17db605ab,Performance of the Night
f78f34ef2ee7b02c,Performance of the Night
17ddee22d105eecd,Fight of the Night
9b8c29f50d452025,Submission of the Night
7360ec204d4e0e10,Knockout of the Night
16a0352f3e19b931,Performance of the Night
1bde9cb65d31cc76,Performance of the Night
fccedc456048216b,Performance of the Night
b1eff235241e719b,Performance of the Night
6921344f8e706d0f,Performance of the Night
f2916c10b7ecfcee,Performance of the Night
19df0d0cb1269fa7,Fight of the Night
e27504d07ebbc441,Performance of the Night
2ab2753040f455e0,Fight of the Night
796a7e1fa80af990,Knockout of the Night
a97a7707d5021181,Fight of the Night
fb98219ce569b384,Performance of the Night
3b83ec99accfd271,Performance of the Night
223f9a750428e1d0,Performance of the Night
92d0c39f0df77c7e,Submission of the Night
5755a68d39867abc,Knockout of the Night
f0b42c9e55025ad3,Submission of the Night
f114929ed709606e,Performance of the Night
3e2f00991f511607,Performance of the Night
8a6ecf3dc2b17c19,Performance of the Night
e3d9bbea4c51dec4,Submission of the Night
b2443846570bee7b,Fight of the Night
3b21a9f48bac4a44,Performance of the Night
8c540eb4afe8c43e,Performance of the Night
4a17876e99f6baf3,Performance of the Night
fa3f04be9344804b,Performance of the Night
721b23d896a44e2e,Fight of the Night
c0ca4c201d086ea8,Performance of the Night
b2717e8f7e7a196f,Fight of the Night
5a346087f4120fa3,Performance of the Night
9a8c21272767faef,Fight of the Night
72656e864ca1c972,Performance of the Night
d17339f98fbdc293,Submission of the Night
b15bebf4c6b6f495,Submission of the Night
3c70edc3845fd51b,Fight of the Night
f046dfa306dc7acb,Knockout of the Night
2f1f16c86a8cc6e2,Fight of the Night
e9256316716499b8,Performance of the Night
4c7e55061dc3bf89,Performance of the Night
029a12d36a4687e1,Performance of the Night
dfa8fd0b82b37fa1,Fight of the Night
cb7616f92a9a4e5b,Performance of the Night
520f6379fefd8fda,Performance of the Night
4924d7a980f4cde2,Fight of the Night
300f1489174a3ece,Performance of the Night
0ac4f0c1b4d021f6,Performance of the Night
b5a8323de18f7e95,Fight of the Night
eba86a4ea6128840,Knockout of the Night
bc7a81a81840e4be,Knockout of the Night
6feb49a6b7e8433c,Performance of the Night
9b46a662b8fa1d8d,Performance of the Night
bc276e0f07e30a54,Performance of the Night
8955ea3c7c332e6c,Performance of the Night
727ecd251325b6a8,Performance of the Night
cf4199c8517bc1fd,Performance of the Night
69b147aaaafeb47d,Performance of the Night
1aaa1a9ceecd6063,Performance of the Night
4e8b2357fea211e9,Performance of the Night
aa232e53d285cc6d,Performance of the Night
2b038a467a89c73c,Performance of the Night
3f5f6c576046bf77,Performance of the Night
fc9ec3a01d0129b6,Submission of the Night
b436dda934059631,Performance of the Night
ac656cebef8cf0a4,Performance of the Night
55e12d44e9e524cf,Knockout of the Night
a3723f0f672b0912,Performance of the Night
fc91f1e448f35797,Fight of the Night
a81ad236a2f221f2,Performance of the Night
477af74ea3cbba8b,Performance of the Night
3011439ecaf74180,Performance of the Night
c0982b3919cc74f0,Performance of the Night
8cf6b22995c9efb8,Performance of the Night
c6fc43c351b08bda,Performance of the Night
2a1826612a7d739c,Fight of the Night
fe9a58e79d54695b,Performance of the Night
5a1ce88ec1f75160,Fight of the Night
0f24f3bc1b39ea45,Fight of the Night
1330b5c21269fe92,Performance of the Night
0f51869f98afa6c0,Performance of the Night
cddd3d4febe097f8,Fight of the Night
319f3fad278368e6,Performance of the Night
c258996570faeec9,Fight of the Night
b43dfe6743160a66,Performance of the Night
11f65de5348e4bc4,Performance of the Night
ed499508be1e5532,Performance of the Night
db2c805201a3116e,Performance of the Night
9e1853861f58191f,Fight of the Night
821bef3a3394dd96,Fight of the Night
7513a00037094075,Fight of the Night
7513a00037094075,Performance of the Night
11558384f80f6506,Performance of the Night
98458778348ea5d7,Performance of the Night
dbcc5b5d568efa8b,Fight of the Night
f6454f2e508626ec,Performance of the Night
b873c116e39c9920,Fight of the Night
d325a1483d78ae75,Performance of the Night
18aff757c54687f1,Performance of the Night
6712440cd01dffdb,Performance of the Night
7679c5ee3514e119,Performance of the Night
c910d2fe570b368a,Performance of the Night
80faf0c138d20999,Performance of the Night
5d7c91acbcddda2f,Performance of the Night
32e9bc4d0a19a923,Performance of the Night
b9de363e6b406853,Performance of the Night
ad7bd4b3ee923498,Performance of the Night
acc57a9c114b694a,Performance of the Night
dfa2f5c821a52c63,Performance of the Night
83d59f5e52e0ac46,Fight of the Night
8104fe27bdc46914,Performance of the Night
2ba11e0bf32829d6,Performance of the Night
e8206c7380441fbb,Performance of the Night
8d2f3e0abb22689f,Knockout of the Night
798ca95afb5875ef,Knockout of the Night
354a92ca4fd824a1,Fight of the Night
7ee462ee20361982,Knockout of the Night
abb8c6c0a057184e,Fight of the Night
c2ee423d1f0b4f6f,Fight of the Night
dfe14e13aa727a0c,Fight of the Night
39fa341fb9161d6f,Fight of the Night
0b557aeb2169b59f,Performance of the Night
30a2c7e5b90e6d74,Performance of the Night
a815119606930378,Performance of the Night
81af3b60203d92df,Performance of the Night
65352221c0bfe52d,Performance of the Night
17aa636aa98678d3,Fight of the Night
9fa6a029f7f8241c,Performance of the Night
f3efc6121c5323ff,Performance of the Night
dad034faf3d62cb9,Performance of the Night
75bc89630027c601,Performance of the Night
cc4a23ed2cbc8aa4,Fight of the Night
fa96d6252579b51e,Fight of the Night
cb3eb07b7152366e,Performance of the Night
f10c2c84652ef573,Performance of the Night
163fbb2185730846,Performance of the Night
9c3f3bc7f7472e0c,Performance of the Night
2a50b91600e87994,Submission of the Night
4e69c86d09c9f782,Fight of the Night
4efbd869aa0211d2,Performance of the Night
d5e7fe1f5035505c,Fight of the Night
c556a9d615f11483,Fight of the Night
4b155647201d549e,Performance of the Night
e7423a91a253b416,Performance of the Night
23e96ddeb14b5936,Performance of the Night
9ef858837dfc65eb,Performance of the Night
c634ed84212723ca,Performance of the Night
2361b51aa72e5551,Performance of the Night
8f9cfe0e283a6ccb,Performance of the Night
6453b20a65c62cfe,Fight of the Night
1c4e4b3358089960,Fight of the Night
43b494c32b7f18cb,Fight of the Night
5ab4bdec4db84f7d,Fight of the Night
063599b1d4107289,Fight of the Night
9f14f080b08e6869,Fight of the Night
9caaca5748ea9086,Knockout of the Night
6ff8fff0fe2a3cd9,Performance of the Night
44e24628e8eda0b1,Knockout of the Night
4000e1f32058796a,Fight of the Night
964eb53864554ed0,Knockout of the Night
b56d1822b9f9a35f,Submission of the Night
aef44145740741b3,Performance of the Night
3c60884853766487,Performance of the Night
371ed8497799998e,Performance of the Night
f70c817388602681,Performance of the Night
ec0a1c09d1b113b8,Performance of the Night
e36a5d4d53b97d4e,Performance of the Night
65270a16c25b59ad,Fight of the Night
d45d9c7d60f332da,Fight of the Night
0599f35e6679de02,Fight of the Night
2a5484a6d5e7a2da,Performance of the Night
3b536afcc9098925,Performance of the Night
db1c5b5a710fbdb0,Submission of the Night
54a15700ab185420,Performance of the Night
82d057278298846f,Performance of the Night
b7c7707ccea492c7,Performance of the Night
3905e5dc489811d6,Performance of the Night
8422c70a72eb9291,Knockout of the Night
3e50773520e7a218,Fight of the Night
618b581f14a37e06,Performance of the Night
1fa175b6a35e95e2,Knockout of the Night
12eec1df1fd078a2,Performance of the Night
9676a4e9362e4bfd,Performance of the Night
fbedeb4e4b019b94,Performance of the Night
0170db5fad04e4d0,Fight of the Night
82338ba457fbe87f,Performance of the Night
8f40ac90544d0003,Performance of the Night
2dfa31667cee74c3,Performance of the Night
553a788a44b8e794,Performance of the Night
41cef92a01e7ff3c,Fight of the Night
b43c83505edcd8fa,Fight of the Night
140937779a2466a7,Performance of the Night
692ceb2ac5fa4427,Performance of the Night
f115a91066a77ee7,Performance of the Night
c00a8682fb5b71bd,Performance of the Night
e915c1987050eac8,Knockout of the Night
f594fc5c2bc6237e,Performance of the Night
636b01ee49925e49,Performance of the Night
ef4484943b1c68a9,Performance of the Night
2208b9f471a201d9,Performance of the Night
6e559181bfbc77e1,Fight of the Night
c3ef3cb03edde8bb,Fight of the Night
138cb102906573f2,Performance of the Night
4f99b4a39925cb47,Fight of the Night
519dcb290e6db845,Performance of the Night
c36cd04f8f560f0a,Performance of the Night
d1d7400c131ed40e,Performance of the Night
1b23096378482313,Performance of the Night
bf8c5effd23f69c4,Performance of the Night
024beecfd3f0ed7a,Performance of the Night
947ea1122c04ba18,Performance of the Night
f5fb8b182020c59d,Performance of the Night
cd9851b8eadb53a9,Performance of the Night
0e6782b758451063,Fight of the Night
fe2acfdaaaec3dba,Fight of the Night
9c1a2ac64c98d2f6,Performance of the Night
d3c0dfa57950aefd,Performance of the Night
8a8fea2c10512434,Performance of the Night
208c5dc52ccfd47a,Fight of the Night
a24121c70f773fe2,Submission of the Night
504b540805598fa5,Submission of the Night
cc73c73e6e3412d4,Performance of the Night
60162c95d921d1ae,Performance of the Night
7dcd5d8a44a284e5,Performance of the Night
85b5d59f8eea976a,Performance of the Night
16369fa06392f6a0,Performance of the Night
73c70a628f0ef14b,Performance of the Night
b2cdb4c34f37ad37,Fight of the Night
dd552b389152636a,Performance of the Night
1f5178fe56c5423f,Fight of the Night
4f36bc6fe119c4ac,Submission of the Night
92030ef8b5796b0a,Submission of the Night
38ea5a7a5b4932cb,Submission of the Night
11e7f12ecb2d1597,Fight of the Night
11e7f12ecb2d1597,Knockout of the Night
0d09e95e85efad69,Submission of the Night
8dbd4d1df2e7ff67,Submission of the Night
e5a88d0e816fd0f1,Performance of the Night
68ac97071275099f,Fight of the Night
3e126f482e9a84b8,Knockout of the Night
88d9e7ec7f228908,Knockout of the Night
041dd0fae4650970,Fight of the Night
e2e524bb5392a3ea,Performance of the Night
069ab7e7b8b5d262,Fight of the Night
4127b45c3d546eef,Performance of the Night
86106c10c93bb0aa,Submission of the Night
75b1533cc3cafae9,Performance of the Night
a0c82ba11a373008,Performance of the Night
8f4a445ccb548f15,Fight of the Night
73fd4982ef7aae44,Submission of the Night
6654ed9d9d930e92,Submission of the Night
fe1eb1104377f2da,Knockout of the Night
7c292e1fe5e5b682,Fight of the Night
4f4ea4fba68f690d,Submission of the Night
c5eaf65f33e8da6e,Fight of the Night
c582e2de87331135,Submission of the Night
3da8164e9f98d434,Knockout of the Night
3e5ed439449ad251,Fight of the Night
70f01e9ff0b4e519,Performance of the Night
80cb3cf9134b677c,Fight of the Night
c62a90c19af6a0e2,Performance of the Night
5fceb95c29d929bc,Fight of the Night
f00ac5af033f44b4,Performance of the Night
baee9b2491c986e2,Performance of the Night
c97e99ca5422f03b,Fight of the Night
cee94cd937bf64f2,Performance of the Night
64d6d51219e0664c,Performance of the Night
c64c2ca5d4d2c7b8,Fight of the Night
824fb74f5fc34218,Fight of the Night
c64c2ca5d4d2c7b8,Performance of the Night
323dc938d93a849b,Fight of the Night
a2ebb5f86eb64f22,Performance of the Night
f1eca70738ca073e,Performance of the Night
8f6dda53ea3b09c7,Fight of the Night
7e8fd03e070d0c25,Performance of the Night
9220acccebf14a46,Fight of the Night
d395828f5cb045a5,Fight of the Night
d395828f5cb045a5,Performance of the Night
c0e8095c91c39b06,Performance of the Night
ffea776913451b6d,Performance of the Night
cd0bc692a7bce9e7,Knockout of the Night
a5abdc461cb1538e,Performance of the Night
13d2b7aef67cb6ea,Performance of the Night
58b7b23b46f4ccd6,Submission of the Night
1574bb7476c9e556,Performance of the Night
6a4738656c493ee9,Performance of the Night
d0d99889c6abd8e1,Performance of the Night
cbf36e02c68e7719,Performance of the Night
295a0bf12a7373c0,Fight of the Night
6c67aa7063717a0c,Performance of the Night
d5245f5b96b8afdf,Fight of the Night
12c600dc64edb403,Performance of the Night
1748b2b5aabe23a5,Fight of the Night
288f7fb936c1523c,Performance of the Night
bbade63ca780668f,Fight of the Night
dcc0c53100fa1dd2,Performance of the Night
32a8f38bd1d46e3e,Performance of the Night
7e4b7a70838e5ba4,Performance of the Night
397dd9a8694ef413,Performance of the Night
c317f85a8266313e,Performance of the Night
7c5fc3fc7be4a997,Performance of the Night
a07940ac02b2bb2c,Knockout of the Night
423f32dd018ac218,Performance of the Night
9b3bade95e1dd484,Performance of the Night
2ca4a039c07acd38,Performance of the Night
bc1787883f9328be,Fight of the Night
4dc5039b21013b3a,Performance of the Night
5bfba809430d178b,Knockout of the Night
451df53c13185584,Performance of the Night
756cae177016ebf1,Fight of the Night
17b2d89ceb879a29,Fight of the Night
80fd1902547e0744,Submission of the Night
571a3eabff5c7ba7,Fight of the Night
07018cb7ae879456,Fight of the Night
08489fdfb56ee19c,Fight of the Night
25259e230be9cdc9,Performance of the Night
632c2d4ed12f2bdf,Performance of the Night
9150344ed35f355d,Performance of the Night
f5eae75fc240aaa6,Performance of the Night
43b416cf0c75dbd7,Performance of the Night
e7a7ab126225540c,Knockout of the Night
6a7892754af30685,Fight of the Night
077667e3aaf314db,Knockout of the Night
9ae6a6f0f0730fa1,Submission of the Night
b9508f47504ccc59,Knockout of the Night
034ce0af4dedbfd7,Fight of the Night
a23b4817f0b773c8,Fight of the Night
c13dc0cccef263f7,Performance of the Night
57d7a683b85bb87b,Performance of the Night
76ece0ee2ef5d240,Fight of the Night
90a83875e1d11238,Fight of the Night
a38648a1c190f9be,Performance of the Night
a2f31cf3a28a7730,Fight of the Night
be69cbf1f1671c8e,Performance of the Night
e5872dfa5b93fcbb,Fight of the Night
bc1be168c064f028,Performance of the Night
62e6eadbb2805760,Performance of the Night
e30ee434b864e4ac,Fight of the Night
362f78f23304c6f4,Fight of the Night
8d986c9ee38daf19,Submission of the Night
73a4a092c1850b57,Submission of the Night
7cdb56b2f207a41b,Submission of the Night
c576e311ea337a32,Performance of the Night
b9ff9ebe19ae6358,Fight of the Night
678d27af287476f8,Performance of the Night
a5a065cb6d33ba9e,Performance of the Night
5ae5eb729c6bb169,Fight of the Night
de4c4997f1429dd1,Performance of the Night
2418af6da44fd361,Performance of the Night
f8fce67abe0ab922,Performance of the Night
49e344834626c144,Performance of the Night
5ffb251c6ea48b65,Fight of the Night
88ef809a0fde3900,Knockout of the Night
3b0258eb19d66f8f,Submission of the Night
7b06e7f2b34d24b8,Fight of the Night
7b06e7f2b34d24b8,Submission of the Night
d40bfa821f2fe46a,Fight of the Night
ed33249f2f247b53,Fight of the Night
46d800ce45fdd3e6,Performance of the Night
abfb3ed6dcb0e1f0,Performance of the Night
1a113ac3255f3ac3,Knockout of the Night
1b80d5696c2dc640,Fight of the Night
ec271393bc31ab72,Knockout of the Night
8c3179f0fd62af14,Knockout of the Night
fcf3b0d21df10f56,Fight of the Night
3fe3208df1098fdc,Knockout of the Night
84efac79989f4d0a,Knockout of the Night
5475f5b6bad40989,Performance of the Night
1b8d366ac0f110f3,Performance of the Night
7a0813ec0fadc84e,Performance of the Night
6a7db3750822d7be,Performance of the Night
37bc72d5d211b189,Performance of the Night
d806aacf5b6ba7f6,Performance of the Night
9fe98de1eac21f2e,Performance of the Night
3f8b4aeb3baf4724,Performance of the Night
4843f369dc8b5de5,Performance of the Night
7208e40818401e88,Fight of the Night
7208e40818401e88,Performance of the Night
cf5e8f98159c3971,Fight of the Night
cf5e8f98159c3971,Performance of the Night
5bfaa389a67139fd,Performance of the Night
e8d59c27b467d716,Fight of the Night
fa4b3f5ce8055921,Fight of the Night
c27e33ee8ef53866,Performance of the Night
b309cdde35310875,Fight of the Night
59eea37af7efb06c,Performance of the Night
999a0fad4c82148d,Fight of the Night
23e5acd1549b538a,Fight of the Night
bfae2fb50efbdb0f,Fight of the Night
d6f6ac29008509db,Performance of the Night
490724f8b3658f67,Performance of the Night
53e818dd5abdf787,Performance of the Night
ed3334d108b257a6,Performance of the Night
9d30c887e8bd8824,Performance of the Night
0d857bd8245f9d31,Submission of the Night
fa6775e369b9eec9,Fight of the Night
00414fc5519233b4,Performance of the Night
e8bcff901e1e98f6,Knockout of the Night
e3826e06d68ed4af,Performance of the Night
32602ced539d8bd5,Knockout of the Night
39003cb1926bb9e0,Knockout of the Night
a10deecfb8558335,Performance of the Night
72105dd82d964e7a,Performance of the Night
998296216e7171ed,Performance of the Night
e5279358b128c2ac,Fight of the Night
059f5cf0e9e37627,Fight of the Night
1f5f59924b59408b,Fight of the Night
79865287be90e4be,Performance of the Night
ea006bae605e2a6b,Performance of the Night
5727d5be8c373346,Performance of the Night
795aa42785a46643,Performance of the Night
0ddf834a47533d15,Performance of the Night
810c9da07970c4a6,Fight of the Night
094790e50afae55e,Performance of the Night
bf732e22055e8634,Performance of the Night
de32c5a78aaf89e9,Performance of the Night
b3a304eadb9f7fb4,Performance of the Night
8d9b460143ae19bc,Performance of the Night
25e6b11e1cf45b83,Fight of the Night
6e574bd614afffd9,Fight of the Night
c65f4b4c0338d0c1,Fight of the Night
31acf87e89a4a401,Performance of the Night
5a81ddab738c45e8,Submission of the Night
e7fdbd5c65798a5c,Fight of the Night
80538f958af30aa0,Fight of the Night
745b1395a2698762,Fight of the Night
747d922b329b7f30,Performance of the Night
453e6f2665c85fd7,Performance of the Night
120ec60ad18cf6c5,Performance of the Night
86dff1593d8b9a1f,Performance of the Night
7206d0aa1d53e518,Knockout of the Night
539e0008bb634f1b,Fight of the Night
64fe6e61a24dbf39,Performance of the Night
72e477b41f44e358,Performance of the Night
39c4ae4624052f9f,Performance of the Night
bbc76ff9e1b1b142,Fight of the Night
f67aa0b16e16a9ea,Fight of the Night
32ad75f6c8ca7e9f,Performance of the Night
58450502a93454c8,Performance of the Night
d86e31793564cd31,Fight of the Night
9bfda7c26578aaac,Fight of the Night
a564219e7a964aa6,Fight of the Night
e8307c7686c42d8c,Performance of the Night
5f8a92f10e5451ce,Performance of the Night
fce6522f42b48f18,Performance of the Night
16628e25a043043a,Performance of the Night
13a8ddb1c3f55ed4,Performance of the Night
de332779baa1b103,Performance of the Night
2a44035824303dee,Performance of the Night
6ff21ea2c75c48ed,Performance of the Night
2e1435c160bfe8b2,Performance of the Night
ba766bd03090dab9,Performance of the Night
970f083af8368f57,Performance of the Night
e9754f597ec50f6f,Fight of the Night
246fef4b19c3a7ed,Performance of the Night
11f7bac5037a184c,Fight of the Night
858feabaf429a963,Performance of the Night
d5955b81c26230ff,Performance of the Night
3aa19b85fbf4114c,Submission of the Night
0596fc5eba5c1fe0,Fight of the Night
921a8db065cd8cc5,Performance of the Night
8b4eeaa048361ba3,Performance of the Night
68095e551ff6bbfd,Performance of the Night
87dcb3eab20f6ac1,Performance of the Night
128e818254ebfabe,Fight of the Night
8eaa23d64c20b0f1,Performance of the Night
305d8c85b35a7d4e,Performance of the Night
ec5d705232983b87,Fight of the Night
f526892a27b50576,Performance of the Night
79f03eca3fe5cdb3,Performance of the Night
2a2b00e9bfd089cc,Performance of the Night
63bfc9cdc24d0cc8,Submission of the Night
66887532be2de5ee,Performance of the Night
8c93a978b0487c7c,Fight of the Night
f4d9138ba502b7ec,Performance of the Night
a01524699dfa3526,Knockout of the Night
f327f8e59acfab1b,Submission of the Night
fde66b153c65e25d,Submission of the Night
5ba1e6f5519074c9,Knockout of the Night
0fad42b9ab3f31be,Fight of the Night
2f22e38844aa7d96,Fight of the Night
23861a2085ea34a3,Fight of the Night
7aa7b0c5706a0492,Knockout of the Night
f466cd99d02644e9,Performance of the Night
4047c2e259529179,Performance of the Night
83fa3a382acc7bdc,Performance of the Night
657fd7ab7bdf9f15,Fight of the Night
8868957c1735bcf0,Performance of the Night
32813f5f46f045e8,Performance of the Night
6068385c48de6801,Performance of the Night
acc987adeab45bfc,Performance of the Night
4bf6b6904ec94421,Performance of the Night
1298d89922befa8c,Submission of the Night
4914f7bd073c6359,Performance of the Night
49b05e23e3a2af13,Fight of the Night
3d7ea6012fd8f786,Fight of the Night
7afe2a15ae7359e9,Performance of the Night
92fd2127f46b0cb7,Fight of the Night
88295b0ab9868db5,Submission of the Night
be38ed9ccfe2ee03,Fight of the Night
c4f05ff2781530f4,Fight of the Night
0e37ea649c51fba9,Knockout of the Night
7f9a1b6d83d08c42,Fight of the Night
c5bef3da17e595ee,Fight of the Night
707ba52845d399c9,Fight of the Night
c8bc7e668ffffc7c,Performance of the Night
5e6a74db89f5410c,Performance of the Night
750257171ad29a2c,Performance of the Night
5af6a54d7e0f2b7f,Fight of the Night
7e50ae4dbdd380a1,Knockout of the Night
fd438db3e60f062a,Performance of the Night
9b8a82276f06829f,Fight of the Night
9a0ecee6e8ca173f,Performance of the Night
a072ec605bebe5a8,Submission of the Night
110a49a43aafe044,Performance of the Night
804c350ce714770f,Performance of the Night
5d6fb4acfe5cc8a1,Performance of the Night
9b9ef12603e820ec,Fight of the Night
a83ebbf013905949,Fight of the Night
a69afe4a88c0ca12,Performance of the Night
80769cf090fa34dd,Fight of the Night
24ff385ca78c80d3,Performance of the Night
91f7986d6fee7d57,Fight of the Night
1332c1037c955d82,Performance of the Night
702759500d47a059,Performance of the Night
a6c02fb0b18e916c,Submission of the Night
6e705b2365bc03fa,Performance of the Night
8aefe4de7a490de6,Knockout of the Night
59861c3d19eb46ef,Performance of the Night
f1100f1bc6cbb351,Fight of the Night
16dcd55681f990c0,Submission of the Night
669e3927b38a36fb,Fight of the Night
d5a0e8c67ed8abe0,Fight of the Night
071d716229f5ae7f,Fight of the Night
edac9fd482177a64,Performance of the Night
6773055965441b18,Submission of the Night
cf04a408cedb37ff,Fight of the Night
9dd9affa41eead4c,Fight of the Night
1aa4c2fa5ffaff00,Performance of the Night
5f9b063630e52778,Fight of the Night
de495aa2ec1f1e91,Fight of the Night
de495aa2ec1f1e91,Knockout of the Night
231968c02cdfe65e,Performance of the Night
3e2bde19e752f64b,Performance of the Night
03eecf1926d9c77c,Performance of the Night
c335f44e4f3515ea,Fight of the Night
d69e3677060af4c7,Performance of the Night
0b21755eb0897396,Fight of the Night
cd03bff050e53625,Submission of the Night
c46d51fb87a4f485,Fight of the Night
778653bf095d4487,Submission of the Night
95beb5ec32718faf,Performance of the Night
bab65d16fa74fc5b,Performance of the Night
cc17e4d182235a95,Knockout of the Night
33b9285aec39e37f,Submission of the Night
2b95f2982b19518a,Fight of the Night
9368a80ba62d87e2,Submission of the Night
13858ffdaaef5671,Knockout of the Night
1287c631cb74f1d9,Submission of the Night
7ec61e2b0728e6d4,Knockout of the Night
7c07a71fa1882bf4,Fight of the Night
7c07a71fa1882bf4,Knockout of the Night
e9390cff6e5d52d0,Submission of the Night
a369d5ca5aef8b25,Submission of the Night
6963c65b49e47277,Knockout of the Night
e55b69543aa74907,Fight of the Night
72b12a837290b327,Performance of the Night
6017351e164dbca3,Performance of the Night
5d64044b985004e7,Performance of the Night
e82d734674ce4d46,Performance of the Night
b21e4b6c4126c782,Performance of the Night
1258b6f1cb5eed64,Performance of the Night
a2e1e35e4e84e08d,Fight of the Night
468d6da7f097e449,Fight of the Night
92e9c53671ac8fe7,Fight of the Night
de9422207df2de64,Performance of the Night
6ed5847dd874d2d2,Fight of the Night
5254658d4e4126c9,Fight of the Night
958bd435389dd12a,Fight of the Night
a8bab8884249f634,Fight of the Night
f41e83de703acf85,Performance of the Night
ad26bf55ff201f4f,Performance of the Night
34644c44229e41a1,Performance of the Night
f7e5e9fdcbff28b3,Submission of the Night
d0b7a79d3e7f3362,Performance of the Night
1ff520024da5b3b2,Performance of the Night
f786136e55007e17,Performance of the Night
923d5041c3b6d763,Fight of the Night
4f9939af9a1d40a3,Performance of the Night
f5de8b2c81e91129,Fight of the Night
79884c0df84662b9,Performance of the Night
bd7a8c6c74655afc,Performance of the Night
b166f1582946fbbc,Performance of the Night
3352c65f3f6d9b2a,Fight of the Night
5aeac72404dd7c6d,Submission of the Night
0f641756e99605ad,Fight of the Night
246f38c7855a6400,Fight of the Night
a637cd1012af870f,Performance of the Night
c9e4aa12aaa7309e,Performance of the Night
724dd26b47b7349e,Fight of the Night
0769ab47fcf0bf6b,Performance of the Night
cb902d73389ed34b,Performance of the Night
061990783b9bdb36,Fight of the Night
63dd38f0dcc2ee88,Performance of the Night
dbbd17b6995f014b,Performance of the Night
53b480b44b0b51f1,Performance of the Night
4be101dd6883d9bb,Fight of the Night
b972f998103731da,Fight of the Night
cd150cd28738a7c5,Performance of the Night
e0acd0cf4930671b,Fight of the Night
d77a72e3fa8db853,Fight of the Night
d77a72e3fa8db853,Knockout of the Night
494042bf96730bc0,Performance of the Night
6222cdc86b12d251,Fight of the Night
8238c5f16d0b39c3,Knockout of the Night
f187c7ec92f43828,Performance of the Night
458e6de1b9ef3500,Knockout of the Night
db620510bbb3f0af,Knockout of the Night
9984333d8933dd58,Knockout of the Night
aa4aa75f0065a687,Fight of the Night
aa4aa75f0065a687,Submission of the Night
54437b8dba3a6110,Performance of the Night
15ce105716441c54,Performance of the Night
e939acbd9894c686,Performance of the Night
85ddb65429a9d517,Performance of the Night
6b4c2cc27855506a,Performance of the Night
81b84b34f0357fa5,Performance of the Night
37fda56a435a9b24,Performance of the Night
bda7992779a005fa,Performance of the Night
d4e3baff532df842,Performance of the Night
e1ec8774466db669,Performance of the Night
f32d918ee06cb83b,Performance of the Night
0c58b5f37bfeb65a,Submission of the Night
897d9e21c59d0633,Performance of the Night
c30d792b648556ea,Fight of the Night
e38d7761a92e1bf9,Performance of the Night
94a3e3df3d28d8f0,Submission of the Night
688c8b695e521ce8,Fight of the Night
688c8b695e521ce8,Submission of the Night
c99370e3e54bd5fd,Knockout of the Night
bb9c60bc6924f373,Performance of the Night
bcef35d6e0964f01,Performance of the Night
753004dcc9c53eb6,Performance of the Night
a0909aab15ba53c5,Fight of the Night
fb5ce6329f243d8b,Fight of the Night
351532f2fe6804d1,Performance of the Night
fa084335b5f87627,Submission of the Night
9293d9f38ba22343,Submission of the Night
0ad57af26ddc7930,Performance of the Night
3cbbf947fd0d2144,Performance of the Night
1bd1a710c2c042ad,Fight of the Night
12188cb0809778a1,Fight of the Night
29398b15b94c3847,Fight of the Night
cdf58f62e289efec,Fight of the Night
7ff036c99621eb1c,Fight of the Night
c33cc8b85b9a202c,Performance of the Night
ebb45ec974325bac,Fight of the Night
eaa63c8fb9379426,Fight of the Night
4a29c1f671bd89cb,Knockout of the Night
a1f4a5fcef50915b,Knockout of the Night
93c4b798134c71d4,Performance of the Night
981e2f5a8e46a1f1,Fight of the Night
981e2f5a8e46a1f1,Performance of the Night
1d34e2f80cb91188,Knockout of the Night
6d1093a1c31dab94,Knockout of the Night
a53b8686b748849f,Fight of the Night
a53b8686b748849f,Submission of the Night
206db35805bb83dc,Fight of the Night
00cf159d5e637238,Knockout of the Night
dba1add63d4bcbaa,Submission of the Night
fc16ccf0994c6e50,Performance of the Night
a200b5dcbdd2506e,Performance of the Night
96b1430379c0694a,Performance of the Night
a2f2c64f9fb3fb1c,Performance of the Night
a1a5d06b0e7ada62,Performance of the Night
8d740c844353ae0e,Performance of the Night
68fe62bac7fd8bb0,Performance of the Night
f87a3fa07f0009c9,Performance of the Night
46c050a827ee83d6,Performance of the Night
3dd0951b8855137d,Fight of the Night
3dd0951b8855137d,Performance of the Night
9e21a8dea9663e26,Performance of the Night
958522de54ccc536,Performance of the Night
f8ad660497e49187,Performance of the Night
476c31184332698e,Performance of the Night
2723f4d275d3f619,Fight of the Night
a71764d5da04e3bc,Performance of the Night
a0163cdde4ec785d,Performance of the Night
c5603628f7ae84d3,Fight of the Night
221928c8441779e4,Submission of the Night
805bc227bd40b0cc,Submission of the Night
bdd782059be98dfb,Knockout of the Night
c9144a294c73b06f,Performance of the Night
13c4251fb451f440,Fight of the Night
639013929b61e834,Performance of the Night
5a09a7a3f2792d1a,Performance of the Night
badc5aee374b250c,Fight of the Night
cc750e6a50445cba,Submission of the Night
fea3a0643218e16b,Performance of the Night
0e272af30a23e09b,Submission of the Night
a4759c52378f9d1a,Performance of the Night
4f722e80eadb6d2f,Performance of the Night
4560734220b96851,Performance of the Night
959fea398ffa5778,Performance of the Night
b3847772199e2639,Performance of the Night
f7865e5a6d009a87,Performance of the Night
a8bc6e005077bb0b,Fight of the Night
dde7d29cc443e263,Fight of the Night
cb9654746447b934,Fight of the Night
451525a1abe30a91,Fight of the Night
0ffbf3096a13b47e,Fight of the Night
2a43df4cc047a28b,Performance of the Night
2e200563dd7c4922,Fight of the Night
2417f4130d707978,Fight of the Night
ebf7cea27b83c432,Performance of the Night
903552edaba48f4a,Fight of the Night
903552edaba48f4a,Performance of the Night
147e984aa34e3028,Fight of the Night
a4817b7e46028b4a,Fight of the Night
977a758d869f9e7a,Performance of the Night
4e55251b7a0df0c2,Fight of the Night
4e55251b7a0df0c2,Performance of the Night
87126427cfcaee52,Fight of the Night
9ed0c3acc436eb56,Fight of the Night
099a2db0470d456b,Submission of the Night
2129acab2280bd29,Performance of the Night
96c6be6b22385967,Performance of the Night
4b69545737f1902a,Knockout of the Night
ca16e203eb2bde60,Performance of the Night
f22d193f3ab42bc5,Performance of the Night
605c16fa5a803b15,Performance of the Night
cbf1e76186a0c8b3,Performance of the Night
43b43c5d439b2f98,Performance of the Night
a419e6df765aa755,Fight of the Night
4a172a5191cb8e60,Performance of the Night
997dcf5fd2eb0f2f,Performance of the Night
05f6459d1f3ed13f,Performance of the Night
17bb1e62772ac5af,Fight of the Night
73370221b3fa3676,Performance of the Night
66ba984cc547e31a,Fight of the Night
2521fed000747f47,Performance of the Night
08af25ef4252b138,Fight of the Night
08af25ef4252b138,Performance of the Night
7ffd80b65b0ff942,Performance of the Night
69c06be4f87ccdab,Performance of the Night
0096879f5708526b,Performance of the Night
f91709b071e8295a,Performance of the Night
676f5091ce2c3c90,Submission of the Night
c108e8f2c0330460,Submission of the Night
eb5cd79e00dd5cd2,Fight of the Night
12b94f0229c30ead,Fight of the Night
5136dc566f46daf6,Performance of the Night
5f5b626e67529056,Performance of the Night
ce3d94186567a684,Performance of the Night
a5075f4eaee6036f,Performance of the Night
f8dd1e75978a3957,Fight of the Night
9d6b46a3cf5ec494,Performance of the Night
f4bef3fc1af95338,Knockout of the Night
dc7ba55ca764cfbe,Performance of the Night
d2ef04d5f384c05a,Performance of the Night
10b31e991c2d0d4e,Performance of the Night
33afdd7ad43a2756,Performance of the Night
86b19fddda4583d5,Submission of the Night
00ee51bba08b7a08,Performance of the Night
90e5169190971647,Performance of the Night
eb62bfcd3d96a182,Knockout of the Night
08f5bdfe45082ec5,Fight of the Night
f3fb4be38377e1e9,Performance of the Night
8133b11f2b7ad634,Knockout of the Night
10fd87a88178aedd,Submission of the Night
552973c278f08fbb,Knockout of the Night
b3a3341a5db2d484,Knockout of the Night
d1e144ce44599f3a,Fight of the Night
67a3b8dc3c0c3e45,Fight of the Night
71e3272f7ebcca26,Submission of the Night
148f5128a45e9212,Knockout of the Night
b4a2fc934d4660ff,Fight of the Night
eebb4dde70a67369,Performance of the Night
6ac1478baeddaae8,Knockout of the Night
cd96998e837b0da1,Fight of the Night
03a200326e56d597,Performance of the Night
ef3c1a2ac6510d26,Performance of the Night
19d6c7f5263c9398,Fight of the Night
c996b2ff10a915b1,Knockout of the Night
fe52c91f751e8db6,Fight of the Night
5ed0027812582ad9,Performance of the Night
0b1af005a5f25561,Performance of the Night
220aa11288e919c6,Fight of the Night
8ef7723b6a8b45e1,Performance of the Night
6671b567c4eb9982,Performance of the Night
8456a02bd3621837,Knockout of the Night
34c6c06ba60a9ade,Submission of the Night
5237736e6b37c609,Performance of the Night
dbed6292db8b0212,Performance of the Night
8757fbfa0857415f,Knockout of the Night
a3cd6a65aaa9f104,Performance of the Night
3733d100f7bd5590,Performance of the Night
8636b67096df4b27,Performance of the Night
adac148ee6fa3bf7,Performance of the Night
5c0e5d850d8e661f,Fight of the Night
8badcb2134c1cdaf,Performance of the Night
1e3c67921162561d,Performance of the Night
28b6ee9c3eb8b753,Performance of the Night
bfe4950b3de83e9c,Performance of the Night
ea660db65bfa998f,Performance of the Night
43e26b46cbb51985,Performance of the Night
2f9b9ef5f6833aa1,Performance of the Night
79c22394d9c2144d,Performance of the Night
1e176413438fabd5,Performance of the Night
2077a980c50264e1,Knockout of the Night
a693622ad8c0d672,Performance of the Night
7fec3b1ec923ad24,Performance of the Night
1019f330bdecfc65,Knockout of the Night
b2c3f1783a0c8530,Fight of the Night
f963d716384153ff,Performance of the Night
edcb573f1462846e,Fight of the Night
edcb573f1462846e,Performance of the Night
3ca05de15ddd658b,Fight of the Night
019b4d006800504b,Performance of the Night
12a33d16e1d4e2d9,Fight of the Night
9eef9b7967991296,Fight of the Night
f3c37e23ca30c87d,Fight of the Night
1521f94cafdfd783,Fight of the Night
48f23cc8cc5ad9a9,Fight of the Night
ce0fda34122f3d48,Fight of the Night
76641669c1607b7a,Performance of the Night
a4c7d59d340794c0,Performance of the Night
6ac3d588f9630f0a,Fight of the Night
678440bd8274a18e,Performance of the Night
5d8af316413ea2f7,Performance of the Night
6fbd9d599d638106,Fight of the Night
07cb64236ae7aaea,Performance of the Night
a3b972117a3998ee,Fight of the Night
a3b972117a3998ee,Performance of the Night
e25875165648162b,Performance of the Night
6c1dba8a3ba4f42e,Performance of the Night
34fd6ac116645ae6,Performance of the Night
a060b6b0dfe275b7,Knockout of the Night
83c81018bb3aeebf,Performance of the Night
5cd1869013741767,Performance of the Night
6655a8da2655f2d0,Fight of the Night
4e3ccffe18641d9c,Performance of the Night
a88a4c126d585320,Performance of the Night
824859c7580eb35b,Fight of the Night
a5c76ead1a2767b6,Fight of the Night
b47e4f0982938e5b,Performance of the Night
fa3294fe655440dd,Fight of the Night
42e7cc48c31d8f29,Fight of the Night
f9ab966e63968c15,Performance of the Night
daa6b47be304ec86,Performance of the Night
6ecfa439ef900bcc,Performance of the Night
8fea32ab0445859c,Fight of the Night
6ad594777cce2d7d,Performance of the Night
5311298f79414125,Fight of the Night
4d6f492092d827cf,Knockout of the Night
008d1123cc90f003,Submission of the Night
cade8a4e97911e89,Knockout of the Night
bc6d70ab959dce70,Performance of the Night
82f00e723ed5f6ea,Performance of the Night
7d0874323bd1f768,Performance of the Night
c57c8e22a3e8dde2,Performance of the Night
fb4b1754d510b0d0,Performance of the Night
4adef20ce69217be,Performance of the Night
2ab395e21080b10a,Performance of the Night
559e84f568f798f0,Submission of the Night
24bcade0007c2246,Fight of the Night
a611b5916dc411b1,Submission of the Night
372a0456aa4ff6cf,Submission of the Night
ae2dfd555dd3d55b,Fight of the Night
77ed474dfc5359ea,Performance of the Night
b8648b32caf36c5a,Performance of the Night
80c4f70b7f7a1945,Performance of the Night
318460613b6018e9,Performance of the Night
b51d691b9f5603a8,Knockout of the Night
110d18c0953bde1d,Knockout of the Night
eb3093e235f048c8,Knockout of the Night
87c73e2086214b5c,Knockout of the Night
0dc2fc8d39e226a3,Fight of the Night
44adac5d05f7e883,Submission of the Night
15705df8ba8dcbe1,Fight of the Night
591e7797363a6c89,Submission of the Night
058d32372a2271fd,Knockout of the Night
940701effe1d2b6c,Fight of the Night
25da52bc590ef664,Performance of the Night
1785c7fb722d3007,Performance of the Night
0d63a7d3e08df3db,Fight of the Night
43cc040a91145fa7,Submission of the Night
f5eb5439a5b9cc56,Fight of the Night
558b54d28a662cca,Fight of the Night
c9ebbba18e4e1e84,Fight of the Night
0e60ab32f3d03929,Performance of the Night
076c98ac0561521f,Performance of the Night
6e85d8d17c3eed58,Fight of the Night
6e85d8d17c3eed58,Submission of the Night
7c4eb0b4845eb0ed,Performance of the Night
47fc0736929125bd,Performance of the Night
812ff38f0ed409ca,Performance of the Night
d361b51952944a26,Performance of the Night
a57b9c636ac198be,Performance of the Night
0e9091311ca565ce,Fight of the Night
3d741cee0dffe165,Performance of the Night
b12d96ba9426b8d4,Fight of the Night
ab341b7bb01cdc89,Fight of the Night
05b7bfd4fe75af69,Fight of the Night
3c6659f1b09760ba,Performance of the Night
4c12c9085200121f,Performance of the Night
0c3c835e681972d3,Performance of the Night
531d9676d767da66,Performance of the Night
919fb76d2f3e5827,Performance of the Night
880f2bb0a639a5a0,Performance of the Night
6a315ef5bf22af29,Performance of the Night
cb010b41cd20a1ed,Performance of the Night
801b3f24c670f19a,Performance of the Night
a6edcccdfccb9132,Submission of the Night
6fd1edb58d271f7c,Performance of the Night
dcc3da324eb5f26c,Performance of the Night
cdf048ec9b917cfa,Performance of the Night
00b7497b02b3b2bb,Performance of the Night
ec434314c5438fc7,Performance of the Night
33719a2d9c69ed17,Performance of the Night
0133019a4f1055ee,Performance of the Night
7f0e469103ab46b6,Submission of the Night
c4e866d9dd606faa,Performance of the Night
12e12307414dafc6,Performance of the Night
856468ba24a37fcc,Performance of the Night
7fd0f7b3866b2c75,Performance of the Night
b12bc15f384ecc42,Performance of the Night
71bcafd04decc8ce,Submission of the Night
852442b380088fa5,Performance of the Night
ced241b99eab5f22,Performance of the Night
776a8a645868f616,Fight of the Night
776a8a645868f616,Performance of the Night
97b32ff27fd457a8,Performance of the Night
873306ad79b62f5e,Performance of the Night
3a81276a9641c6a1,Fight of the Night
65ac65daa51720e2,Submission of the Night
7b9f169016746f81,Performance of the Night
4e224ebb6394611d,Performance of the Night
fe0f1b418e6d3ecb,Performance of the Night
15068d7b095ca9bd,Performance of the Night
536c26ef4da9ace7,Fight of the Night
83a0fff04494bfc4,Fight of the Night
b5b5156c713c5d47,Performance of the Night
1a3572d1502efdf4,Performance of the Night
7ad6511fb5fb28a4,Performance of the Night
ad61d042c43451a8,Fight of the Night
15805ae1eea3343e,Fight of the Night
ecec1b0dd64ca2ae,Performance of the Night
2db0998b24c11ea0,Performance of the Night
3aa49ed298e4c34f,Performance of the Night
88d3b6b833e31712,Performance of the Night
f06030bf27ebe337,Submission of the Night
2d57dbca9277fa8b,Submission of the Night
82f4ef3cfd4a388a,Knockout of the Night
28edfe6106699457,Submission of the Night
bb6eacc986791dcd,Knockout of the Night
62aab95c866a9c5b,Performance of the Night
b4ec3e067604f90a,Performance of the Night
c5ba56d51f6b0171,Performance of the Night
674f3fa16e717ff1,Fight of the Night
ff8f92cf8fb1b76c,Performance of the Night
49b2a6a93d529981,Performance of the Night
1c5bed46920ab3e1,Performance of the Night
de767dd5216bcad9,Performance of the Night
878941394f9e3538,Fight of the Night
454265014520a3f8,Fight of the Night
8b1dc96a00a8e881,Performance of the Night
2ad291d61792fd7d,Performance of the Night
207f105716df54f9,Performance of the Night
77b6fd5d0b8c60b4,Submission of the Night
26025a42e011229f,Fight of the Night
a788042d4d0c50d4,Fight of the Night
29df50b2ea446361,Performance of the Night
62b64802ea49e2fd,Performance of the Night
fd2c018aade60a14,Performance of the Night
56c7c59c9bb3b610,Performance of the Night
2bdf774dc8b17504,Performance of the Night
b6b5ec324449befd,Performance of the Night
f8cceeabeb2afd4d,Fight of the Night
f8cceeabeb2afd4d,Performance of the Night
677910683d0fd88b,Fight of the Night
85ee3b5995874141,Knockout of the Night
516df95b0c8c3127,Knockout of the Night
823797bc6d532b52,Fight of the Night
fbf83609dc96f32e,Fight of the Night
b01e6e97d66681c5,Fight of the Night
2d9d966e0e8df232,Performance of the Night
a3dd2249d046cf9d,Performance of the Night
4f672dd40867d8c6,Performance of the Night
af6d56860ba4d259,Performance of the Night
e6a0f19af995c432,Performance of the Night
2fb1abeb337e0ccc,Performance of the Night
ec8ad2966a6816b3,Fight of the Night
652a73f4bf7f1932,Fight of the Night
ab14dbff9d2ae41a,Fight of the Night
1a66e67add5d55ef,Performance of the Night
eefc526e320524e6,Knockout of the Night
4553c3ab494c2d05,Knockout of the Night
727c8004faed648d,Knockout of the Night
7e551ddb1494a45f,Performance of the Night
9cb78122a23e6a7d,Performance of the Night
e0444752d18fda7f,Performance of the Night
0320a6a967069571,Performance of the Night
3a94bf34e62ae5fd,Performance of the Night
e4e1d12441b90866,Performance of the Night
37ae5c09d6f03f33,Performance of the Night
18a1617ee7356352,Performance of the Night
6d04fbef6b8e4551,Fight of the Night
6d04fbef6b8e4551,Performance of the Night
7e3609b672c7ecf9,Fight of the Night
a5558e8fec59a687,Performance of the Night
eb94412f15c62650,Performance of the Night
775c1f401815bbd8,Performance of the Night
11e83902f5b8ff63,Performance of the Night
6c1b38dd918793ff,Performance of the Night
a346180c8b109469,Performance of the Night
401f5f4714132d50,Performance of the Night
d75b3d3c2b209b75,Fight of the Night
f5386c98fea7f5d4,Performance of the Night
ee57cbd0b68c689d,Performance of the Night
69bca5091b2a31f6,Performance of the Night
3cf5e0ebb5f8322c,Performance of the Night
a571c622ab89b3d9,Performance of the Night
c3a4187fc821bfff,Performance of the Night
2e94ee4b9f5fddea,Fight of the Night
6532b71560ae39e0,Performance of the Night
948da1b7ebbb06b3,Performance of the Night
ddb015ac5c067aa9,Fight of the Night
5f617d6c19d3a281,Fight of the Night
f6efb09c01e4cac6,Performance of the Night
12740c6b17779fe9,Performance of the Night
499557c33e67deaf,Fight of the Night
4dd2bcd2b025204e,Performance of the Night
0d9e9127c62811f9,Performance of the Night
901dbd1e6463c4ba,Performance of the Night
4ae231bd909ceddc,Fight of the Night
f8f73efa2d4cc566,Submission of the Night
394b0347b0438622,Fight of the Night
68f7f992603192c6,Performance of the Night
be94e5b7a35ce5f2,Performance of the Night
e9eab0fa03eecd9b,Performance of the Night
55c6d02e838dc60f,Performance of the Night
55bf7f19a132e0fc,Performance of the Night
1c62a7444808d97f,Performance of the Night
11a83369d49ad138,Performance of the Night
102fb91414fd24ab,Performance of the Night
c4eb14c3de579842,Fight of the Night
10f5bb70feb1df53,Performance of the Night
98842f17dfe4b4ef,Performance of the Night
7be3e513a31f6570,Fight of the Night
43682a646b9b956f,Performance of the Night
6a7f68feb5c0755d,Fight of the Night
6a7f68feb5c0755d,Submission of the Night
570f3407722cc512,Fight of the Night
d6dcbf543d7e303d,Submission of the Night
c0518d213b67e754,Performance of the Night
8984ab656cb1818d,Fight of the Night
f23e2bed86b62462,Fight of the Night
b2d05ae88f820421,Performance of the Night
e240d6f77747ec46,Performance of the Night
e74e3c2a96fa9c55,Submission of the Night
a06a3bc70d7c4264,Performance of the Night
19eed5d9781b47ac,Performance of the Night
ac269f99e4e53634,Submission of the Night
58b2fdad7af9be02,Performance of the Night
8abad36b4c5e4070,Performance of the Night
76e6177c401f2176,Submission of the Night
f269d25146eec937,Knockout of the Night
e9652fe3e49e8cfb,Knockout of the Night
33d9c35170eb10f2,Fight of the Night
6c79db79da9ae874,Performance of the Night
119b156ded2af0f1,Knockout of the Night
781017bfa44d4058,Knockout of the Night
175d9e1ac0725145,Fight of the Night
365e2d891b98b86d,Fight of the Night
9cad47cdd6351e50,Fight of the Night
a020b5b917c27bb8,Performance of the Night
d8f64b001cd590fa,Submission of the Night
735ed861dee80d25,Performance of the Night
0ecbb881c74a63f5,Performance of the Night
de484433eef22e1d,Performance of the Night
d9c61052035c9b69,Submission of the Night
c4c379b8f99fea88,Performance of the Night
3dd55cca2358a511,Performance of the Night
906283a2adcbc3e0,Performance of the Night
d45474993a750878,Fight of the Night
6b83234360b3ca62,Submission of the Night
63f6af6d5f7b82ad,Fight of the Night
15bb241ded012e00,Knockout of the Night
6cf2d02153029a7a,Submission of the Night
2692ac9853970e08,Fight of the Night
2692ac9853970e08,Knockout of the Night
7ecb154439aca0f9,Performance of the Night
0e9b7e682e0a79f1,Fight of the Night
fdde8777c7ae9769,Performance of the Night
85511ab7fd9ed061,Performance of the Night
e7a915f39ecf6db0,Performance of the Night
fad150a0288efbd7,Fight of the Night
20d74ed23d3e9b3a,Performance of the Night
ab4a91a59c01d6b6,Performance of the Night
0d41a3fa5efef91b,Performance of the Night
4e5d4a36eaaa3a78,Fight of the Night
fef29aa73bd5b907,Performance of the Night
d1c4c06780cbd36e,Performance of the Night
ad59e2de1ab5c8d2,Performance of the Night
46cfd4aaa02ce202,Performance of the Night
4bf3010fdeea9d93,Fight of the Night
73eff675e2aae30c,Fight of the Night
bddf441908777c0c,Knockout of the Night
67222a0d79c83086,Submission of the Night
f141416b02a31f4e,Submission of the Night
214fa13c3f230259,Performance of the Night
81f287d035190506,Performance of the Night
781f9a642e7a9278,Performance of the Night
4b8c8ae61251ff83,Performance of the Night
aa7b1fca60a21f3a,Performance of the Night
d05cb4c4135ce402,Performance of the Night
4f4189009a190e35,Fight of the Night
d940ffe543c4e38b,Fight of the Night
295c2e1ae2d54287,Knockout of the Night
6b7033df94818cee,Fight of the Night
a2fe941d5ce1b149,Fight of the Night
d475731497afe289,Fight of the Night
2f4bdcee104aa82c,Fight of the Night
1378fc2be3819b2b,Performance of the Night
b8bf186f884678ea,Performance of the Night
2f82e8079ba354f4,Performance of the Night
0fed97329b78b887,Performance of the Night
24bb03f0a3415fbe,Performance of the Night
12cedec11b37ddc0,Performance of the Night
987cdcbc809e210d,Performance of the Night
7fd810af30144119,Performance of the Night
9dfcf675cf2c1575,Fight of the Night
2f414494f2b6f426,Performance of the Night
989b8d362742f40b,Performance of the Night
d3f26e0fbf694375,Performance of the Night
7013a95ea4014606,Performance of the Night
efe985e626a0d8c0,Performance of the Night
1c245dc63a0b9d51,Submission of the Night
c9733393385105cb,Fight of the Night
613a288e8819fead,Performance of the Night
0cd79ea89d5931d0,Submission of the Night
5e2ce5aa3a92c2df,Performance of the Night
febbd4eb209b4579,Performance of the Night
fc1266e2892ed111,Fight of the Night
51e684bfce8d94aa,Fight of the Night
5f0aa841c21f7d30,Fight of the Night
a09bfdaa83d99efb,Performance of the Night
92b98afec5eb4e05,Performance of the Night
4944437e73071671,Performance of the Night
01468f766dd7385c,Performance of the Night
fb1f1b0c9ef454dc,Fight of the Night
fb1f1b0c9ef454dc,Submission of the Night
ae5c7517d9f2516c,Performance of the Night
a27a9b7b8194e8fc,Performance of the Night
7adaf85915993137,Performance of the Night
0486ad62f7dfd11e,Knockout of the Night
67016f000657b1ec,Fight of the Night
3640defb8294bd37,Performance of the Night
7606d2f8d8b0e889,Performance of the Night
09a29fb09fe07559,Performance of the Night
0e2c7ec02a095813,Performance of the Night
ccacbe6a4c31cd45,Submission of the Night
4ead27d52c14697a,Performance of the Night
64e7c4ee81d46900,Fight of the Night
64e7c4ee81d46900,Knockout of the Night
396214fd188c2549,Fight of the Night
09b8253a30360429,Performance of the Night
3bcbb0e039f4f5d8,Performance of the Night
6cfab1da57d260f4,Performance of the Night
e18a8b333529cc09,Performance of the Night
bfef39e6493f6487,Fight of the Night
8d12287f672cabd8,Fight of the Night
f079cb2db8dbbf04,Fight of the Night
d5d6ae85ebcfd160,Knockout of the Night
551e407c7ac8414b,Fight of the Night
469d61ef1081f2f8,Submission of the Night
dadaee9624256e07,Fight of the Night
3e6b5cb3c37bef3b,Fight of the Night
9f96d11017f9c824,Performance of the Night
f8b9b5ee3d4a8ac3,Performance of the Night
6e5c9b61635f7b6d,Knockout of the Night
60c62fb7bd17a8b3,Performance of the Night
9d9390b550d77e06,Performance of the Night
91afc389191d41fb,Fight of the Night
2a23f787fff1d837,Fight of the Night
fd76b75c28dc247a,Performance of the Night
2de6652160cc7b9f,Fight of the Night
860be3cc82895177,Performance of the Night
42ecb9a94bebc24d,Performance of the Night
43c391b251337c9b,Performance of the Night
dc6f6c8228390ebb,Performance of the Night
3e16a71836e85212,Fight of the Night
af2a9d47ca8115e4,Performance of the Night
c00a49eadfb592f0,Submission of the Night
6971094300073d47,Performance of the Night
f26657d5018ee428,Fight of the Night
74bb036ef0493bf7,Performance of the Night
3957d820e11275f7,Fight of the Night
82177c0f91d9618a,Fight of the Night
b589aba75770bc6b,Fight of the Night
7990b6716a53b2cd,Performance of the Night
766b4f5e77ab0860,Performance of the Night
01f396a7372dc8ff,Performance of the Night
714d6fc1eaca9624,Performance of the Night
74dae3d87a99cf5d,Performance of the Night
e1bb0b615c02d715,Performance of the Night
1d8ee477e682a8fc,Performance of the Night
e4559c3cce6edec1,Performance of the Night
2b417eb1ffa56ac1,Performance of the Night
c4938baf92d2dc31,Fight of the Night
d61a7b593218234b,Performance of the Night
11cc331fa40ede63,Performance of the Night
ab3820fa9944bd22,Performance of the Night
602e8602fe9c9121,Submission of the Night
aa38e39397dbea72,Fight of the Night
b9c82dfde8b66e37,Performance of the Night
e7859b4e70d4a9c1,Fight of the Night
9e5bbbacf1d92cb4,Performance of the Night
c33257dd0605c7de,Performance of the Night
d869eaea38426f06,Performance of the Night
eedcb6c5d163e581,Performance of the Night
2fa88b72973478b6,Performance of the Night
bda97d9a44a89d52,Performance of the Night
d15a87087b6f1452,Performance of the Night
0f279b25ccbecc76,Performance of the Night
85e79748b75eb30e,Performance of the Night
10b19bb48aadc6bd,Knockout of the Night
719dbfab71e6c0bd,Fight of the Night
8fd355e482806ca7,Fight of the Night
8fd355e482806ca7,Performance of the Night
f7bd56e197bab2a6,Submission of the Night
58e72b1a38880ba9,Performance of the Night
a8067e65eb737a09,Performance of the Night
8bd5f20f49434c65,Performance of the Night
85e1b21ea88fe7e3,Performance of the Night
c53a5dca56870ea5,Fight of the Night
f41c2c82d5117230,Performance of the Night
c3af2b6ab1262fef,Performance of the Night
0823f97be9c3a62e,Performance of the Night
dfbb110855354039,Performance of the Night
1e525f9857019a2e,Performance of the Night
26e876df6d498657,Knockout of the Night
d67dadf630c36f18,Fight of the Night
6d8da45352344964,Performance of the Night
07c00213ec388e07,Fight of the Night
d8fe965281e2e312,Performance of the Night
07c00213ec388e07,Performance of the Night
e16f42a666e163d8,Fight of the Night
7f3763caa99a3486,Fight of the Night
22a574162e2ebcf6,Fight of the Night
22a574162e2ebcf6,Knockout of the Night
346875f19aefc88d,Submission of the Night
be6024894ebcb360,Knockout of the Night
cd6070783f11619b,Submission of the Night
42585ce706c086de,Performance of the Night
df7f3c60c523ca55,Fight of the Night
9fc232c3829a1ef0,Fight of the Night
22fc6b3f4e48cfa3,Fight of the Night
a6b328733d610e2b,Performance of the Night
c7375d5db21cbaae,Performance of the Night
e186bd5e556f1b5e,Performance of the Night
0b3c3d363c82835f,Performance of the Night
8417a20d56fe6776,Performance of the Night
03b9922d777e430c,Performance of the Night
e246b6a8cd7853de,Knockout of the Night
20d732758337f0a5,Performance of the Night
04e6a26fe2a4017d,Knockout of the Night
17cda9957f96883f,Knockout of the Night
6bde0b88f21304d4,Fight of the Night
fcfaa28ed6888088,Performance of the Night
4e71dbef18157288,Performance of the Night
a45596cda51a1816,Performance of the Night
292b83afa418635f,Performance of the Night
2b9daf452ab40b9b,Performance of the Night
380242601a2c5991,Performance of the Night
a2fe63d064567d14,Performance of the Night
23ddf51ce630028d,Performance of the Night
bbde45b2c766bb67,Performance of the Night
a0cae57eae875820,Performance of the Night
beed8bc1f800de8f,Performance of the Night
bd06f1c2d7e6c4a0,Fight of the Night
066006238aec2014,Knockout of the Night
293c5f4c9aca5c54,Performance of the Night
f682118709b4143e,Performance of the Night
77185ff8b4dade6a,Performance of the Night
1669773acd404217,Performance of the Night
aa62b8f58fc09790,Fight of the Night
c8fbe7ade97e2055,Knockout of the Night
ca93e3f69fa3d725,Knockout of the Night
fc6d1396755692b4,Fight of the Night
0b633295d9e017a3,Performance of the Night
0aad210fbaa1db6c,Performance of the Night
135760b07e1fb79b,Performance of the Night
3406cf3e28e30d1b,Performance of the Night
a6548a1e188c53fb,Fight of the Night
0992795fd0fa06d0,Performance of the Night
70b8dca3addcf4de,Fight of the Night
80f65ee9b6f8d63b,Performance of the Night
01a4827b3596d111,Performance of the Night
7fc5f1dc2df84ac7,Performance of the Night
1af574c0814429ac,Performance of the Night
f39941b3743bf18c,Fight of the Night
5c650ae2193ab1bc,Performance of the Night
d170f6580e1c244f,Fight of the Night
c8609059d2d87724,Performance of the Night
a4398b9257a93d78,Fight of the Night
86deadaab9905a03,Fight of the Night
b42d4c3c701945bf,Submission of the Night
9d8a37f130db13e5,Performance of the Night
a5a81a39ccf9b680,Performance of the Night
222bb2c67a87d312,Fight of the Night
74582b99c1c0c822,Knockout of the Night
44d58943ac8e47e1,Fight of the Night
42536a8cf2eda678,Fight of the Night
9e674a02db6c03c8,Fight of the Night
a3ab1979192b647c,Fight of the Night
fd1854062406d287,Performance of the Night
20cefe64f4b28be8,Performance of the Night
ae7a8f19743e8154,Performance of the Night
4eff0432bd364a23,Performance of the Night
cb2844bb15d22cc6,Performance of the Night
4dcd6ff5e32a3779,Fight of the Night
3ce634d03af7e14c,Fight of the Night
7595aabe89020780,Performance of the Night
6c569785225fd2e7,Knockout of the Night
cfca060f39db1742,Fight of the Night
3e3db8c37096c260,Fight of the Night
de2069fea664c4b7,Fight of the Night
7259a1046143e632,Performance of the Night
7cde85d46dc0bebe,Performance of the Night
3fc3179cd800128e,Knockout of the Night
a561360edf66ee6f,Submission of the Night
aebdb007f8d1348a,Performance of the Night
f3a970c83d8de1db,Fight of the Night
e9c034cec33b3479,Fight of the Night
d0602cdc04d2c159,Performance of the Night
891470d896b1de5a,Performance of the Night
3ef332945aa9aad1,Knockout of the Night
a2e1116a9fe84aa9,Performance of the Night
9882c1dac77c0367,Performance of the Night
435c93cb89016fd1,Fight of the Night
18b31990d1808419,Knockout of the Night
90f4c4a4e30e6abf,Knockout of the Night
d3e37d1c95a5f382,Submission of the Night
5bc31abb5842942a,Performance of the Night
1f5c71dd2a0672ac,Knockout of the Night
d4420be78065de03,Performance of the Night
11c3035dd9104e50,Knockout of the Night
b4db19e62f087a7f,Knockout of the Night
fd05ac3ac2f7d042,Knockout of the Night
e87b5c403533b057,Fight of the Night
c547b3e95bcc5f24,Performance of the Night
f2336b7545f5f442,Performance of the Night
dbf786f9808c6a08,Performance of the Night
66a99e85803efd92,Fight of the Night
d2ce61c578e67067,Fight of the Night
63af858a04c1ad79,Fight of the Night
63af858a04c1ad79,Submission of the Night
2d050cb1f7d8789a,Performance of the Night
7767149280471f2a,Performance of the Night
16bd47ba50891833,Fight of the Night
8f120352072bd5ed,Performance of the Night
d0e5487f55c57ad2,Performance of the Night
3760216f68f448b7,Performance of the Night
06d6cde7479711ee,Performance of the Night
efd7efba85092c6f,Fight of the Night
dae70ccdf9e7475e,Performance of the Night
8ca1bb1b2517f2e5,Fight of the Night
8ca1bb1b2517f2e5,Knockout of the Night
bce8ece2ff26b4d4,Performance of the Night
a857acedb53ee959,Performance of the Night
0f22781ab4635414,Submission of the Night
f9d2137f380e66bf,Performance of the Night
3a8e4b830750e9d4,Fight of the Night
e322eae035f7c00f,Performance of the Night
87b0475688168a42,Fight of the Night
9b4bff38430a01eb,Knockout of the Night
cd9f95344fe14e37,Knockout of the Night
b9be472f456cac79,Submission of the Night
9d7a798f0c20c04a,Performance of the Night
6b3038fe26a57b80,Submission of the Night
4c4e1f7521c27900,Fight of the Night
4c4e1f7521c27900,Submission of the Night
3e0301367e511512,Fight of the Night
a5962421d687de8f,Submission of the Night
d7f9a09021a9a13c,Fight of the Night
83c5a944258d2332,Submission of the Night
9f34b89176f24058,Knockout of the Night
9c79433a4686f3fc,Performance of the Night
cd55220a7b1378c4,Performance of the Night
ae0fdb792308b0f8,Submission of the Night
f7cce33f6563dd72,Performance of the Night
f8896b43f4ecf861,Submission of the Night
be72958d9715757d,Fight of the Night
c67e5fec8e1876f0,Performance of the Night
33d2a1dbb8a7fef5,Fight of the Night
dd34dd337e637767,Performance of the Night
30c574f33700010a,Fight of the Night
8a884a7930d75ca9,Performance of the Night
7c075e3383198e14,Performance of the Night
8e02bdaac8ed50e5,Performance of the Night
44cfd4330eb6e2bf,Performance of the Night
856fab879c68ded7,Performance of the Night
049659c5a58ebb61,Fight of the Night
a754766050409638,Knockout of the Night
e3c9c95b67580b9b,Submission of the Night
50325e08203fedbd,Knockout of the Night
71348fd10e392dac,Fight of the Night
8304a0ea004e73f5,Knockout of the Night
ccdd6c7577927a8c,Knockout of the Night
fc3825dd1b67e39d,Performance of the Night
6e6567a98ea78891,Performance of the Night
a196dce12754e34e,Submission of the Night
e0b323dae5bf4c90,Performance of the Night
fa2e2a035b36b9d6,Performance of the Night
2aeb3ec2d8c05dc8,Fight of the Night
845e38dfbfea6e53,Performance of the Night
3a3ac7b3987f6799,Performance of the Night
e57bfadb506e4f51,Performance of the Night
e7861d4e2b29193f,Fight of the Night
91daeeeea0a83e49,Fight of the Night
ff64fc34065565d0,Fight of the Night
ff64fc34065565d0,Performance of the Night
eff6ec2b2f1fb27b,Performance of the Night
caeeb398f73d213a,Performance of the Night
8f301d4eb8e97449,Knockout of the Night
bb42336d6417914c,Performance of the Night
ec916b9f67175633,Knockout of the Night
d29dd21d8881a0e0,Knockout of the Night
2c9ddc75869894c5,Fight of the Night
f507b715628d7bcb,Fight of the Night
f73dfeb48b09e6a6,Performance of the Night
1b1792afe4457e83,Fight of the Night
397ace87deeb8697,Performance of the Night
dd456668731bd52a,Performance of the Night
3c319d4659e6c8fd,Performance of the Night
3ff7d02ef633ee22,Fight of the Night
52bae6f01ea9f926,Performance of the Night
aeb7ff8ce6e1beac,Performance of the Night
21992c366d3b4602,Performance of the Night
55480808b1fa1f9c,Performance of the Night
f0ac3761d3fdda3e,Performance of the Night
52f0398eb74c139d,Fight of the Night
2d1f8ee74824f983,Performance of the Night
3c06557ddd86f8e8,Fight of the Night
b29ed164b3014a42,Fight of the Night
151c597d2e609a4e,Performance of the Night
b06b43670238c2d8,Fight of the Night
de1a3734be60e6a1,Fight of the Night
de1a3734be60e6a1,Performance of the Night
128ab9aa4802c73f,Performance of the Night
e733f148060bef2a,Fight of the Night
79bfba62da6242a6,Performance of the Night
afc86d1076c4c3a9,Performance of the Night
c2f730cb33df5221,Performance of the Night
343749a2f7c5d78b,Performance of the Night
4e9d76ed54f1f352,Performance of the Night
28deed0ab55ca350,Fight of the Night
ebefe958473b3843,Performance of the Night
39d188fa9b95d550,Fight of the Night
7feadf01c5920285,Fight of the Night
177201b1a7fa0dd0,Fight of the Night
e90dd017386025c4,Fight of the Night
f24db9d7c3636a2a,Fight of the Night
c6cc6ae23cbf8a27,Performance of the Night
5948876f1d80c21a,Performance of the Night
690ab86bdd94149b,Performance of the Night
a485281be8e9d2e2,Performance of the Night
c442899c21d58779,Performance of the Night
cf020c71f1dbfa0b,Performance of the Night
407e1c6850e7022c,Performance of the Night
2e0ae17a22a6f824,Fight of the Night
2e001d8c2f6106fc,Fight of the Night
ecc41acbd699812a,Knockout of the Night
3542b1fd47163fcd,Fight of the Night
5c7c38dece435cde,Performance of the Night
8f7328fe18806fb0,Performance of the Night
9b5f190cd3f5ce16,Performance of the Night
40e8bf8ce508c436,Performance of the Night
9feb9500b0fedfcd,Performance of the Night
c57a4810c932b296,Performance of the Night
1779cc4ae925df01,Performance of the Night
f085f32bbb3220e1,Performance of the Night
9cfad21ef1911728,Performance of the Night
99fd8396cbe1df03,Performance of the Night
e8a5e53ffd33c0f9,Performance of the Night
b953a9b5357cbf99,Fight of the Night
f1c1890491959bcf,Knockout of the Night
b953a9b5357cbf99,Submission of the Night
df42fd9af4740d24,Knockout of the Night
17a8fbfbe8d32258,Fight of the Night
130e622d4d2aee3e,Performance of the Night
5da7d95051699adb,Performance of the Night
9dfac33cd3ae4afd,Performance of the Night
84500d5c1aba97a2,Knockout of the Night
a8d189f56de9b451,Fight of the Night
476a6245b43f3119,Performance of the Night
c797b58d85c840a4,Performance of the Night
a043e279434d5c8c,Performance of the Night
12d9b4a3931be5ec,Performance of the Night
5737084215c45792,Performance of the Night
b4622ca7cf0e8506,Performance of the Night
81b16b26774be5d1,Performance of the Night
49749ee78bc54a48,Fight of the Night
a1569926652ebc36,Performance of the Night
f46308108eb9261a,Performance of the Night
d0c01840c72429c6,Performance of the Night
eb6d9fef6c374830,Performance of the Night
6fd67582d8adb1c7,Performance of the Night
e5cf527ed3963a0e,Performance of the Night
26cdaf7cf575f656,Knockout of the Night
43712d71cec9bde6,Submission of the Night
5bff1ece35abac7f,Performance of the Night
149d6b90f33634a4,Fight of the Night
cbdf29f36b343f6f,Performance of the Night
e24c8aab497b4fe1,Performance of the Night
eee7f546c126ee8b,Performance of the Night
0583a3d402bed6e4,Fight of the Night
e8c16b26a4bfe163,Performance of the Night
56ce29bdb1fe9abf,Knockout of the Night
ecb7ff543dd41bf8,Performance of the Night
11871325db7a13ec,Fight of the Night
089dd2e0cc6395fa,Submission of the Night
d9decf169a2da676,Submission of the Night
23feb95726bb6fe4,Submission of the Night
56d2c00dfd391fcf,Performance of the Night
9a3908ab337c5f3f,Knockout of the Night
28cf059c5ed3c5ae,Submission of the Night
9ad2dde9c35d3cc4,Fight of the Night
37a6fc5e69a7932d,Performance of the Night
ecdbb3a5216b815e,Fight of the Night
81a18de517a3336a,Performance of the Night
7d2051c6bae907cb,Fight of the Night
54de03e04f571735,Fight of the Night
1733594124569598,Submission of the Night
8fc8d66ad0074ab0,Performance of the Night
4d231d5d5f815085,Fight of the Night
403bed9fe983b10a,Submission of the Night
4eda704823ccfb71,Fight of the Night
78294f5d5e0f2b13,Knockout of the Night
af4cbb9072814a86,Knockout of the Night
9e99536eae6d709b,Knockout of the Night
73240bea13ed5e71,Fight of the Night
39e6cba2480c6d82,Performance of the Night
0d077813b6164fe1,Performance of the Night
bb9020ac324fb706,Performance of the Night
701c97405da76603,Fight of the Night
14e53999507c76a7,Fight of the Night
4ec5d9bd1442e6c1,Performance of the Night
ecab8b8b36727b8d,Fight of the Night
094a77eecd56a27a,Knockout of the Night
cc7afab68363e076,Performance of the Night
ac4343150638b635,Performance of the Night
75a84211f50c53f5,Performance of the Night
eedc7fccf7037949,Performance of the Night
673a156925dfb31d,Performance of the Night
426a69e343822ab3,Fight of the Night
8803935990adafc1,Performance of the Night
07df55cb3cc0ec30,Submission of the Night
81b5e933186a685a,Fight of the Night
671f42536454e541,Performance of the Night
fe59646ebad8b6e4,Performance of the Night
b39b8ff0d7de211a,Performance of the Night
94541dd979e0b4bd,Performance of the Night
216bc9b661485017,Performance of the Night
bb7408d59b7279f7,Fight of the Night
e61d83e4e1f9c4d7,Performance of the Night
ea6427379a83bd01,Performance of the Night
a017d5806eaa6018,Fight of the Night
4a0db214d9721d6e,Fight of the Night
ae989e21c3839b49,Performance of the Night
2556b7520536ce1d,Performance of the Night
1cd5d5e271b646a3,Performance of the Night
4eb91cfc892a108e,Fight of the Night
247f9e56965a1c07,Performance of the Night
fe143cb868adfded,Performance of the Night
85e94a6c071fd9fa,Performance of the Night
fffdc57255274be1,Performance of the Night
7f16e7725245bb2d,Performance of the Night
04f32bb0c0d3a8cc,Performance of the Night
a679800d2e7c3be2,Performance of the Night
a26ca06cce403ce2,Performance of the Night
815fd4ebdc288e83,Fight of the Night
e9bc416752cadd29,Fight of the Night
3dcb1a7b081afbe1,Performance of the Night
c7ad34973f9d1cf6,Submission of the Night
fa77134e0d90da3b,Performance of the Night
3e0090669d51415f,Fight of the Night
2f9a8807807b80d6,Performance of the Night
4804776154430aad,Performance of the Night
4ce0a62cdad7bf32,Fight of the Night
609d994bfe440ec3,Fight of the Night
a65909d4083c2088,Fight of the Night
d77ace7aadb2383e,Fight of the Night
629c0eb319e01374,Fight of the Night
c4eaeec8ac778b27,Performance of the Night
f0fe73e650b746f2,Performance of the Night
bd0497a410822291,Performance of the Night
6b47093b62155478,Performance of the Night
3bdba539a350721c,Knockout of the Night
c565bf49fce2a4cd,Performance of the Night
556055969b2f0bd7,Knockout of the Night
eba46dbf9cdd83c0,Performance of the Night
7024385b5107bd4b,Performance of the Night
e57b884785848624,Knockout of the Night
6b5c225814a924ed,Performance of the Night
8e1feda9141602f1,Fight of the Night
cd7fd3f034717d3c,Performance of the Night
419fff06f338f5c6,Fight of the Night
54d48b33e7240452,Performance of the Night
755202fce24b8f83,Performance of the Night
301f230c90c4bd7d,Performance of the Night
a9d8ddb49dbe414b,Performance of the Night
0aa335dbc4cb3473,Performance of the Night
fa6e8fa6c3f05e31,Performance of the Night
a2a5809ed8a01b45,Performance of the Night
344d60564cd136ff,Fight of the Night
bd1fc4ff619f4e61,Performance of the Night
8515f07911765f89,Performance of the Night
f88dc6e0c29cff1d,Performance of the Night
9c1d4f57a997a490,Performance of the Night
160c17b8fcb0e2a1,Performance of the Night
9fa3623172adb4cd,Performance of the Night
3d35f25d9792a69a,Performance of the Night
a2af14e9dba37b03,Performance of the Night
3b701c0a0525341b,Performance of the Night
6b92396d42918366,Fight of the Night
5cab50839f4a0d94,Performance of the Night
7cdda45e7d52bf40,Fight of the Night
ec2358459ffbe7de,Performance of the Night
bcfaf1dd78f12f97,Fight of the Night
76726a66840ccfa4,Performance of the Night
52bc6927e80aca5d,Performance of the Night
11a5a852313d1f5b,Performance of the Night
0de1ef0b9f3a79c0,Performance of the Night
a5e240bcd7731725,Performance of the Night
357cf8a9b6737625,Performance of the Night
1b52b08f195581ad,Performance of the Night
f2b407019b2a5c15,Performance of the Night
1687e2cd061b7aec,Performance of the Night
c5c5f678558a0ba2,Performance of the Night
b98ead4eff6bf872,Performance of the Night
84d89d2f36d07dc0,Performance of the Night
00959e29e4a10e26,Performance of the Night
e761c5009c09b295,Performance of the Night
61c9bbeb2806534b,Performance of the Night
5838305c25a54ea1,Performance of the Night
15b1c7ddc4415fdd,Performance of the Night
b977ffcc6428046f,Performance of the Night
db49619221b282af,Performance of the Night
06641a8c62e45661,Performance of the Night
90e46589a18064bc,Performance of the Night
a2523a8565fe4361,Fight of the Night
697e38075fd41819,Fight of the Night
626c82ed45fdcf59,Performance of the Night
b52dccbe69864d2a,Performance of the Night
d866afa89d62a4ae,Performance of the Night
2c7b788effdc1b4c,Performance of the Night
1ed8776f978a0155,Performance of the Night
58584ccd0f63e3f3,Performance of the Night
8c01b7dccc4d0926,Performance of the Night
cd258394e8d58d04,Performance of the Night
ee796ecb4ee8680b,Performance of the Night
5c3c4bcc6c746ca0,Fight of the Night
894c44c3d04aaf6f,Performance of the Night
6832e9e62da0f9d3,Performance of the Night
4d3cd5ecf4276c92,Fight of the Night
25a28456f684503e,Fight of the Night
efe055854f19a1d7,Fight of the Night
9d5f562e0572058c,Performance of the Night
d1bee15e60ee6721,Performance of the Night
cd8cdb539deaa47f,Performance of the Night
96b59d89ecac66d0,Performance of the Night
c769dd861357af9f,Performance of the Night
b96e1222eb1a0faf,Performance of the Night
6299412d7bbfbce6,Submission of the Night
278b965694e563b2,Performance of the Night
cde2f88251b73305,Fight of the Night
cde2f88251b73305,Performance of the Night
7a64d63e12618ba7,Performance of the Night
b22eab3aa1522f40,Performance of the Night
307b12b9f08a4cbf,Knockout of the Night
7a4e5bcd7336d203,Submission of the Night
34c649f3f43a919b,Performance of the Night
2ff14dfede1d02dd,Performance of the Night
1a81573425c585fb,Performance of the Night
f0a9dfbb6f6ac852,Performance of the Night
b6dad3a9bf911bfd,Performance of the Night
85036b967403cdab,Performance of the Night
3286d8406eff5c85,Fight of the Night
582806c33ce6dcf6,Performance of the Night
919e3c5cc6999cb3,Fight of the Night
1d166488129030d0,Fight of the Night
1d166488129030d0,Performance of the Night
3b05a4ced6dd74f5,Performance of the Night
29c7cb102ddd7ec4,Fight of the Night
18f1b88d8977c216,Fight of the Night
02732ebb104793d2,Performance of the Night
2cbba9394114edb5,Knockout of the Night
b46679306287ea79,Fight of the Night
b46679306287ea79,Knockout of the Night
7521015554088962,Fight of the Night
1520290d28b75b53,Performance of the Night
8b9bdacca749ec90,Performance of the Night
21419797f539de5e,Knockout of the Night
a1294453a28beda3,Performance of the Night
806761834799c352,Fight of the Night
4bb77b1d8efc53a9,Fight of the Night
6d691b736d8c98b0,Knockout of the Night
03d30a534dee8ac5,Submission of the Night
88256dd5a9aef1cc,Fight of the Night
96b62bd56b252bab,Performance of the Night
0b47788da6de735e,Performance of the Night
35addc4646509286,Performance of the Night
5a5a65d8df176506,Performance of the Night
8b07bdaa0402bf2b,Fight of the Night
d54ebd2a3435a357,Fight of the Night
0b98d84a2795f7f8,Performance of the Night
b87ac039e3b13940,Performance of the Night
972e17c1b98fca06,Performance of the Night
3808db1e982cb103,Performance of the Night
36f38c2534ef646b,Performance of the Night
bb4755924dfafaea,Performance of the Night
20063242f6e40d31,Performance of the Night
d1c519260c0ddf3a,Performance of the Night
2328c7832a356a6d,Fight of the Night
0337fa731f5b02c1,Performance of the Night
40fa0bf9783cdc2e,Knockout of the Night
4caa0dcdaa253612,Performance of the Night
976f7f5e7537c62b,Fight of the Night
ab79fe7b35ccc3dc,Performance of the Night
5742025a09190829,Performance of the Night
d98d5a3800cd21fb,Submission of the Night
6989466d287b4a57,Performance of the Night
3e74caa9fff4a5eb,Performance of the Night
b1f2ec122beda7a5,Performance of the Night
0308bcdd00cc72e2,Performance of the Night
bca5d01f8775f852,Performance of the Night
8c5e06c71f392f33,Fight of the Night
5d4fb748ad246269,Fight of the Night
6acd1c591170f597,Performance of the Night
04c9ebe419195f8b,Performance of the Night
3945b08be8d62861,Performance of the Night
00f4b6184f6315d0,Performance of the Night
c7bc785e99d3ee2a,Performance of the Night
7f14be4e45bca6bd,Performance of the Night
3fe9e895b2a45049,Performance of the Night
3dd22a9a0ea68cc6,Performance of the Night
ebf204638524c377,Knockout of the Night
fd7421f421e802bd,Performance of the Night
a815dafc89adf33b,Performance of the Night
d7070ab1b2144f8d,Performance of the Night
8d5b88e0ff253617,Fight of the Night
b55605791a4d72b9,Fight of the Night
9d8473ae274ed625,Performance of the Night
56ae02578b1163ee,Performance of the Night
0c3ab516e78bdb04,Submission of the Night
130b325610c54a64,Performance of the Night
001441f70c293931,Performance of the Night
8fc238e84c4624a7,Performance of the Night
0f3e6876516edeaf,Knockout of the Night
1e5c66d12761d4fe,Performance of the Night
0e3af9b5e1b3ae80,Fight of the Night
c2ddadfa1a1056be,Performance of the Night
4df8efe64e83f74e,Submission of the Night
5f444eac11e55161,Performance of the Night
bd4d2522cb0d1a23,Performance of the Night
f7bc845ce74f5fe7,Performance of the Night
6e73ebbd089aff5e,Fight of the Night
dae2484418631ff5,Performance of the Night
ecbece0cbd60029e,Fight of the Night
8afe89f5c451b372,Performance of the Night
d988760df61f027c,Performance of the Night
394802bb096b403e,Fight of the Night
eda1e8c285a0a788,Performance of the Night
f3169b755afcdc5b,Performance of the Night
394802bb096b403e,Performance of the Night
fd49f89b9d97566b,Fight of the Night
a031f062b7ffefee,Performance of the Night
edeba52fc9b2855f,Submission of the Night
2560ea97b2cce4ef,Performance of the Night
326de7f7ec9e7035,Fight of the Night
866b2c2e354aa27b,Performance of the Night
e966de63c8e6b1d5,Performance of the Night
d6e1205babf27a9d,Fight of the Night
6606d271eee62e3a,Submission of the Night
6b9ed3867dd42b3b,Performance of the Night
56d8cc470841f454,Performance of the Night
0bf8bb9b4ef329f9,Performance of the Night
30eb24f7904c2128,Performance of the Night
e1bd72aba46f46a1,Performance of the Night
bd6909a463a1de2b,Performance of the Night
f0b83b05f3dd9580,Performance of the Night
0d1d7cfb2a48d5ec,Performance of the Night
a3ee907c77544cde,Performance of the Night
aeb3e4d9710207a4,Performance of the Night
cd08b68f0bafafbf,Performance of the Night
647f6d2b9b784222,Performance of the Night
27d98a8ee6608e27,Fight of the Night
98411542ca0e847d,Performance of the Night
8e51f8648840eb38,Submission of the Night
e857ca0bc3b9fdcd,Performance of the Night
23eec2d9cb2d78cd,Performance of the Night
71dc4379c738450f,Performance of the Night
23e03d226eb7af80,Fight of the Night
be0af5916c8e8e99,Fight of the Night
dff2685afd98ed9e,Performance of the Night
68c1b833ed8849a3,Performance of the Night
fdb9d29cf0edc16a,Performance of the Night
b9cd4910f0ecff45,Performance of the Night
d2dc6fb05ad78d80,Fight of the Night
ff389a4326fc9255,Fight of the Night
243e5e9b6678f303,Fight of the Night
d8335b728604b222,Performance of the Night
b381dc272b32ce03,Performance of the Night
4e566bd7094b49da,Performance of the Night
2267d967d1daf08a,Performance of the Night
c8a48abe3263f796,Knockout of the Night
5a09fd7cb3db9705,Fight of the Night
4de28817db9fc9d8,Performance of the Night
f37d18b5c35145bf,Performance of the Night
06cd9812e2b9b747,Fight of the Night
16b0e962beb6d15e,Knockout of the Night
1f70a4516a70abf2,Fight of the Night
61e1d1fee5153a6c,Submission of the Night
ecc56a86a1eead9d,Performance of the Night
24ac3d1bee1610ef,Fight of the Night
b34abcfe4c2e8a57,Performance of the Night
55bd050afe169b34,Performance of the Night
e083c7ae1548e08a,Performance of the Night
315968a74789600a,Fight of the Night
315968a74789600a,Submission of the Night
80ac36a9dbc4b1a1,Fight of the Night
f722b96ae6862843,Fight of the Night
998bde5639c61adb,Fight of the Night
51ce499611a5df68,Performance of the Night
91093a019d32af2e,Performance of the Night
41d170c5da83c8be,Knockout of the Night
b568f3700aa2c1f7,Knockout of the Night
1308a39eec6f86cc,Submission of the Night
e8907b881151b79d,Performance of the Night
62389e8fb68f93a4,Performance of the Night
2c0cddd12deb7450,Performance of the Night
0f0473dde4b873ca,Performance of the Night
9ba87ef51d1be403,Submission of the Night
c85b530861145935,Fight of the Night
cd63b4144a45b611,Performance of the Night
559c0c3d752f327a,Fight of the Night
7ac4b9823b1e139b,Fight of the Night
fe936088ec4dcb0d,Fight of the Night
fe936088ec4dcb0d,Knockout of the Night
5840527835a8ffb2,Performance of the Night
2d80f60b67791b97,Knockout of the Night
830bf05d0ee635a1,Knockout of the Night
93f1b09aa792405e,Performance of the Night
50d5a170516de2ad,Performance of the Night
f1cc9169813c4a3e,Performance of the Night
81f2f2d4b0302590,Fight of the Night
fac560495e61d34c,Performance of the Night
813444e109995c97,Performance of the Night
25cd989ac5569629,Fight of the Night
bec3154a11df3299,Performance of the Night
8435f90fbd50c7a5,Performance of the Night
cfc550960a7ec353,Fight of the Night
e835e9a4564db497,Performance of the Night
3fc1ebe73920a2a7,Submission of the Night
b3bf1b6ad2d1a533,Performance of the Night
33151bfa498c1c6c,Fight of the Night
127be512f86618b2,Performance of the Night
43496ff308e681a0,Performance of the Night
9dcf8ce308eaa050,Performance of the Night
2594287e8fa31404,Fight of the Night
94f880f25dd011cd,Fight of the Night
d00d5ef4ae0ac01b,Performance of the Night
5f87dc7d18517d87,Submission of the Night
2ef16a5ff3710c92,Fight of the Night
7ec24848cac6c5a1,Performance of the Night
8539c4b795d33a92,Performance of the Night
a6cb909888f6a495,Submission of the Night
ab0d6346b7938a7f,Performance of the Night
5e52b0bf9719f0ae,Submission of the Night
b80ef7cdc36ab48b,Fight of the Night
635763ab6b5f0bf0,Fight of the Night
40c080d0f86f1f1f,Knockout of the Night
b66ac52bfb217761,Performance of the Night
759c55755d70f7ba,Fight of the Night
1e7caef3f6dfde10,Performance of the Night
2bf24d9c33bb4d49,Knockout of the Night
8bc0c220f7dcefa7,Performance of the Night
50f2539c73b98eec,Performance of the Night
84973bbdffaf0d0e,Performance of the Night
11141cf97c6156b6,Submission of the Night
f2c2a49fed32bd75,Performance of the Night
2eecf0c36192e40c,Performance of the Night
e8f4e8ff49678b44,Performance of the Night
48b1ee7ab45add4c,Performance of the Night
c2c20a04a78d9143,Performance of the Night
0459297e86a14981,Performance of the Night
9a6a6716cdfadc98,Knockout of the Night
c037cdc1de53de8e,Fight of the Night
d0ebb0551377a1c1,Performance of the Night
29cd6bee493a8662,Submission of the Night
de84ebe3b8cb8cd3,Fight of the Night
f81f8cfe30e0a1e9,Fight of the Night
6a32cabbcd9b1e42,Submission of the Night
c3257824671aeca6,Knockout of the Night
8b5c760f34daafe0,Performance of the Night
8167500af262bba5,Performance of the Night
2671de30a1736f51,Performance of the Night
b6bfa84d467f6690,Submission of the Night
bb15c0a2911043bd,Performance of the Night
9039762cb9f4abdb,Performance of the Night
18edff5447989b3f,Fight of the Night
c76fd2ddcbc4713d,Fight of the Night
9f4a0de31375ba04,Performance of the Night
58dec0a39cdefa3f,Performance of the Night
bec57d7cce0e6257,Performance of the Night
66b8f3426f36fdf7,Performance of the Night
dadde3eb4e5f43b4,Performance of the Night
bc767f1eb6176dfb,Fight of the Night
c03b6b6ce5d03276,Performance of the Night
56aac937d9f1d13a,Fight of the Night
6617170d3659b175,Fight of the Night
fefa96b6d939ffea,Performance of the Night
a71e4206f87ae74c,Performance of the Night
df28f8cb5a12ec8e,Knockout of the Night
acbe07e3131d14dc,Fight of the Night
36895d9bbf5abc51,Fight of the Night
8e4024cb49c963f2,Fight of the Night
c3ba8f1a4ddc0dc3,Performance of the Night
9f60dd19c5705d45,Knockout of the Night
d480d01418ae0143,Performance of the Night
5256ba94641a4284,Performance of the Night
83526f699d25e4e4,Knockout of the Night
e2b547e64f6532bb,Fight of the Night
e2b547e64f6532bb,Knockout of the Night
bcab3ebdc21b0b64,Fight of the Night
bcab3ebdc21b0b64,Submission of the Night
74b8a36293758342,Performance of the Night
a526a72ade275f46,Performance of the Night
d1621b3da377f34b,Performance of the Night
2b1ac5d8f98639bf,Performance of the Night
c3601529b7a7d489,Fight of the Night
02713b2d25f74d43,Performance of the Night
fc2badbeebf85ebf,Fight of the Night
46cfb41b00cb5ad8,Fight of the Night
1f64e532f942ef57,Submission of the Night
20b5de395c0f1375,Performance of the Night
b4d624bdc27dff83,Fight of the Night
