error_id,entity_type,entity_id,context,url,error_name,description,occurred_at,resolved
1,fight,fc89b69a4fe79603,,http://ufcstats.com/fight-details/fc89b69a4fe79603,PartialFightParse,"expected 2 round-by-round tables, found 0 -- this fight likely has no round stats on ufcstats.com (common for older fights)",2026-08-11 05:57:43,0
2,fight,9325bcf98fa2a15e,,http://ufcstats.com/fight-details/9325bcf98fa2a15e,PartialFightParse,"expected 2 round-by-round tables, found 0 -- this fight likely has no round stats on ufcstats.com (common for older fights)",2026-08-11 05:57:49,0
3,fight,6035a68279b69aeb,,http://ufcstats.com/fight-details/6035a68279b69aeb,PartialFightParse,"expected 2 round-by-round tables, found 0 -- this fight likely has no round stats on ufcstats.com (common for older fights)",2026-08-11 05:57:52,0
4,fight,7ffcc3a72e082ace,,http://ufcstats.com/fight-details/7ffcc3a72e082ace,PartialFightParse,"expected 2 round-by-round tables, found 0 -- this fight likely has no round stats on ufcstats.com (common for older fights)",2026-08-11 05:58:05,0
5,fight,93908423a3e7c251,,http://ufcstats.com/fight-details/93908423a3e7c251,PartialFightParse,"expected 2 round-by-round tables, found 0 -- this fight likely has no round stats on ufcstats.com (common for older fights)",2026-08-11 05:58:21,0
6,fight,89229d26e5a75a32,,http://ufcstats.com/fight-details/89229d26e5a75a32,PartialFightParse,"expected 2 round-by-round tables, found 0 -- this fight likely has no round stats on ufcstats.com (common for older fights)",2026-08-11 05:58:32,0
7,fight,a3355e0d592bdbbc,,http://ufcstats.com/fight-details/a3355e0d592bdbbc,PartialFightParse,"expected 2 round-by-round tables, found 0 -- this fight likely has no round stats on ufcstats.com (common for older fights)",2026-08-11 05:58:39,0
8,fight,ee84a0b122cd217a,,http://ufcstats.com/fight-details/ee84a0b122cd217a,PartialFightParse,"expected 2 round-by-round tables, found 0 -- this fight likely has no round stats on ufcstats.com (common for older fights)",2026-08-11 05:58:43,0
9,fight,4d7231ec867553d3,,http://ufcstats.com/fight-details/4d7231ec867553d3,PartialFightParse,"expected 2 round-by-round tables, found 0 -- this fight likely has no round stats on ufcstats.com (common for older fights)",2026-08-11 05:58:58,0
10,fight,670915f96aa81e03,,http://ufcstats.com/fight-details/670915f96aa81e03,PartialFightParse,"expected 2 round-by-round tables, found 0 -- this fight likely has no round stats on ufcstats.com (common for older fights)",2026-08-11 05:59:00,0
11,fight,aa96b8ec8e7266b4,,http://ufcstats.com/fight-details/aa96b8ec8e7266b4,PartialFightParse,"expected 2 round-by-round tables, found 0 -- this fight likely has no round stats on ufcstats.com (common for older fights)",2026-08-11 05:59:00,0
12,fight,e08cd659a05f179c,,http://ufcstats.com/fight-details/e08cd659a05f179c,PartialFightParse,"expected 2 round-by-round tables, found 0 -- this fight likely has no round stats on ufcstats.com (common for older fights)",2026-08-11 05:59:00,0
13,fight,6e56bce310375396,,http://ufcstats.com/fight-details/6e56bce310375396,PartialFightParse,"expected 2 round-by-round tables, found 0 -- this fight likely has no round stats on ufcstats.com (common for older fights)",2026-08-11 05:59:00,0
14,fight,ce32437750074a04,,http://ufcstats.com/fight-details/ce32437750074a04,PartialFightParse,"expected 2 round-by-round tables, found 0 -- this fight likely has no round stats on ufcstats.com (common for older fights)",2026-08-11 05:59:04,0
15,fight,8e03db41687d9132,,http://ufcstats.com/fight-details/8e03db41687d9132,PartialFightParse,"expected 2 round-by-round tables, found 0 -- this fight likely has no round stats on ufcstats.com (common for older fights)",2026-08-11 05:59:42,0
16,fight,272f300e7c598e05,,http://ufcstats.com/fight-details/272f300e7c598e05,PartialFightParse,"expected 2 round-by-round tables, found 0 -- this fight likely has no round stats on ufcstats.com (common for older fights)",2026-08-11 05:59:59,0
17,fight,79aebe1a1f24a116,,http://ufcstats.com/fight-details/79aebe1a1f24a116,PartialFightParse,"expected 2 round-by-round tables, found 0 -- this fight likely has no round stats on ufcstats.com (common for older fights)",2026-08-11 06:00:00,0
18,fight,9d3b1af3fbbfa381,,http://ufcstats.com/fight-details/9d3b1af3fbbfa381,PartialFightParse,"expected 2 round-by-round tables, found 0 -- this fight likely has no round stats on ufcstats.com (common for older fights)",2026-08-11 06:00:00,0
19,fight,0c760ef7447f3252,,http://ufcstats.com/fight-details/0c760ef7447f3252,PartialFightParse,"expected 2 round-by-round tables, found 0 -- this fight likely has no round stats on ufcstats.com (common for older fights)",2026-08-11 06:00:14,0
20,fight,1ef98bfca49d53d5,,http://ufcstats.com/fight-details/1ef98bfca49d53d5,PartialFightParse,"expected 2 round-by-round tables, found 0 -- this fight likely has no round stats on ufcstats.com (common for older fights)",2026-08-11 06:00:37,0
21,fight,635fbf57001897c7,,http://ufcstats.com/fight-details/635fbf57001897c7,PartialFightParse,"expected 2 round-by-round tables, found 0 -- this fight likely has no round stats on ufcstats.com (common for older fights)",2026-08-11 06:01:11,0
22,fight,23af9fdc2bed3a68,,http://ufcstats.com/fight-details/23af9fdc2bed3a68,PartialFightParse,"expected 2 round-by-round tables, found 0 -- this fight likely has no round stats on ufcstats.com (common for older fights)",2026-08-11 06:01:21,0
23,fight,77bf1e37929b0d59,,http://ufcstats.com/fight-details/77bf1e37929b0d59,PartialFightParse,"expected 2 round-by-round tables, found 0 -- this fight likely has no round stats on ufcstats.com (common for older fights)",2026-08-11 06:01:24,0
24,fight,381cee4b3af63ade,,http://ufcstats.com/fight-details/381cee4b3af63ade,PartialFightParse,"expected 2 round-by-round tables, found 0 -- this fight likely has no round stats on ufcstats.com (common for older fights)",2026-08-11 06:01:26,0
25,fight,c2ed5a38a690b302,,http://ufcstats.com/fight-details/c2ed5a38a690b302,PartialFightParse,"expected 2 round-by-round tables, found 0 -- this fight likely has no round stats on ufcstats.com (common for older fights)",2026-08-11 06:01:26,0
26,fight,608fb46a1ec8c5ae,,http://ufcstats.com/fight-details/608fb46a1ec8c5ae,PartialFightParse,"expected 2 round-by-round tables, found 0 -- this fight likely has no round stats on ufcstats.com (common for older fights)",2026-08-11 06:01:38,0
27,fight,07005006dce71011,,http://ufcstats.com/fight-details/07005006dce71011,PartialFightParse,"expected 2 round-by-round tables, found 0 -- this fight likely has no round stats on ufcstats.com (common for older fights)",2026-08-11 06:01:42,0
28,fight,9f923cf0420518e6,,http://ufcstats.com/fight-details/9f923cf0420518e6,PartialFightParse,"expected 2 round-by-round tables, found 0 -- this fight likely has no round stats on ufcstats.com (common for older fights)",2026-08-11 06:01:52,0
29,fight,e4fe950846b51bdf,,http://ufcstats.com/fight-details/e4fe950846b51bdf,PartialFightParse,"expected 2 round-by-round tables, found 0 -- this fight likely has no round stats on ufcstats.com (common for older fights)",2026-08-11 06:01:58,0
30,fight,b89c885da2c9bce4,,http://ufcstats.com/fight-details/b89c885da2c9bce4,PartialFightParse,"expected 2 round-by-round tables, found 0 -- this fight likely has no round stats on ufcstats.com (common for older fights)",2026-08-11 06:02:23,0
31,fight,994f97a075a1b600,,http://ufcstats.com/fight-details/994f97a075a1b600,PartialFightParse,"expected 2 round-by-round tables, found 0 -- this fight likely has no round stats on ufcstats.com (common for older fights)",2026-08-11 06:02:23,0
32,fight,b297c3e938e1005e,,http://ufcstats.com/fight-details/b297c3e938e1005e,PartialFightParse,"expected 2 round-by-round tables, found 0 -- this fight likely has no round stats on ufcstats.com (common for older fights)",2026-08-11 06:02:28,0
33,fight,34cd2d9b5eddf14f,,http://ufcstats.com/fight-details/34cd2d9b5eddf14f,PartialFightParse,"expected 2 round-by-round tables, found 0 -- this fight likely has no round stats on ufcstats.com (common for older fights)",2026-08-11 06:02:39,0
34,fight,7286a725cb39945b,,http://ufcstats.com/fight-details/7286a725cb39945b,PartialFightParse,"expected 2 round-by-round tables, found 0 -- this fight likely has no round stats on ufcstats.com (common for older fights)",2026-08-11 06:02:40,0
35,fight,024817f9b28943ab,,http://ufcstats.com/fight-details/024817f9b28943ab,PartialFightParse,"expected 2 round-by-round tables, found 0 -- this fight likely has no round stats on ufcstats.com (common for older fights)",2026-08-11 06:02:42,0
36,fight,a4eb555e48847359,,http://ufcstats.com/fight-details/a4eb555e48847359,PartialFightParse,"expected 2 round-by-round tables, found 0 -- this fight likely has no round stats on ufcstats.com (common for older fights)",2026-08-11 06:02:47,0
37,fight,ef2d2eeca1652295,,http://ufcstats.com/fight-details/ef2d2eeca1652295,PartialFightParse,"expected 2 round-by-round tables, found 0 -- this fight likely has no round stats on ufcstats.com (common for older fights)",2026-08-11 06:02:59,0
38,fight,582d3304aed63b1a,,http://ufcstats.com/fight-details/582d3304aed63b1a,PartialFightParse,"expected 2 round-by-round tables, found 0 -- this fight likely has no round stats on ufcstats.com (common for older fights)",2026-08-11 06:03:09,0
39,fight,f385d0fc49095e55,,http://ufcstats.com/fight-details/f385d0fc49095e55,PartialFightParse,"expected 2 round-by-round tables, found 0 -- this fight likely has no round stats on ufcstats.com (common for older fights)",2026-08-11 06:03:10,0
40,fight,c73a91dcff319e6d,,http://ufcstats.com/fight-details/c73a91dcff319e6d,PartialFightParse,"expected 2 round-by-round tables, found 0 -- this fight likely has no round stats on ufcstats.com (common for older fights)",2026-08-11 06:03:13,0
41,fight,f74f1e8602cf18d6,,http://ufcstats.com/fight-details/f74f1e8602cf18d6,PartialFightParse,"expected 2 round-by-round tables, found 0 -- this fight likely has no round stats on ufcstats.com (common for older fights)",2026-08-11 06:03:15,0
42,fight,d029b7ec2d68d218,,http://ufcstats.com/fight-details/d029b7ec2d68d218,PartialFightParse,"expected 2 round-by-round tables, found 0 -- this fight likely has no round stats on ufcstats.com (common for older fights)",2026-08-11 06:03:17,0
43,fight,e8ac219311ea7d0b,,http://ufcstats.com/fight-details/e8ac219311ea7d0b,PartialFightParse,"expected 2 round-by-round tables, found 0 -- this fight likely has no round stats on ufcstats.com (common for older fights)",2026-08-11 06:03:19,0
44,fight,01d1432bdc132de1,,http://ufcstats.com/fight-details/01d1432bdc132de1,PartialFightParse,"expected 2 round-by-round tables, found 0 -- this fight likely has no round stats on ufcstats.com (common for older fights)",2026-08-11 06:03:26,0
45,fight,b777e38b681f52de,,http://ufcstats.com/fight-details/b777e38b681f52de,PartialFightParse,"expected 2 round-by-round tables, found 0 -- this fight likely has no round stats on ufcstats.com (common for older fights)",2026-08-11 06:03:28,0
46,fight,ce1ff42f030f424a,,http://ufcstats.com/fight-details/ce1ff42f030f424a,PartialFightParse,"expected 2 round-by-round tables, found 0 -- this fight likely has no round stats on ufcstats.com (common for older fights)",2026-08-11 06:03:38,0
47,fight,5701dbbbfa4f8313,,http://ufcstats.com/fight-details/5701dbbbfa4f8313,PartialFightParse,"expected 2 round-by-round tables, found 0 -- this fight likely has no round stats on ufcstats.com (common for older fights)",2026-08-11 06:03:40,0
48,fight,0e97df01e0df1a7f,,http://ufcstats.com/fight-details/0e97df01e0df1a7f,PartialFightParse,"expected 2 round-by-round tables, found 0 -- this fight likely has no round stats on ufcstats.com (common for older fights)",2026-08-11 06:04:14,0
49,fight,a5c90086fb65f58e,,http://ufcstats.com/fight-details/a5c90086fb65f58e,PartialFightParse,"expected 2 round-by-round tables, found 0 -- this fight likely has no round stats on ufcstats.com (common for older fights)",2026-08-11 06:04:16,0
50,fight,f59b1215176636f6,,http://ufcstats.com/fight-details/f59b1215176636f6,PartialFightParse,"expected 2 round-by-round tables, found 0 -- this fight likely has no round stats on ufcstats.com (common for older fights)",2026-08-11 06:04:16,0
51,fight,5c22963d44ab28e2,,http://ufcstats.com/fight-details/5c22963d44ab28e2,PartialFightParse,"expected 2 round-by-round tables, found 0 -- this fight likely has no round stats on ufcstats.com (common for older fights)",2026-08-11 06:04:25,0
52,fight,8769e5db66707269,,http://ufcstats.com/fight-details/8769e5db66707269,PartialFightParse,"expected 2 round-by-round tables, found 0 -- this fight likely has no round stats on ufcstats.com (common for older fights)",2026-08-11 06:05:01,0
53,fight,6f808a147a2ad9f1,,http://ufcstats.com/fight-details/6f808a147a2ad9f1,PartialFightParse,"expected 2 round-by-round tables, found 0 -- this fight likely has no round stats on ufcstats.com (common for older fights)",2026-08-11 06:05:02,0
54,fight,7bcfe834f0a5bce7,,http://ufcstats.com/fight-details/7bcfe834f0a5bce7,PartialFightParse,"expected 2 round-by-round tables, found 0 -- this fight likely has no round stats on ufcstats.com (common for older fights)",2026-08-11 06:05:03,0
55,fight,95f0f46de0602a57,,http://ufcstats.com/fight-details/95f0f46de0602a57,PartialFightParse,"expected 2 round-by-round tables, found 0 -- this fight likely has no round stats on ufcstats.com (common for older fights)",2026-08-11 06:05:19,0
56,fight,75f519c5c6210bac,,http://ufcstats.com/fight-details/75f519c5c6210bac,PartialFightParse,"expected 2 round-by-round tables, found 0 -- this fight likely has no round stats on ufcstats.com (common for older fights)",2026-08-11 06:05:19,0
57,fight,9c84a8b814ed5a67,,http://ufcstats.com/fight-details/9c84a8b814ed5a67,PartialFightParse,"expected 2 round-by-round tables, found 0 -- this fight likely has no round stats on ufcstats.com (common for older fights)",2026-08-11 06:05:20,0
58,fight,8b258bbb37f74a66,,http://ufcstats.com/fight-details/8b258bbb37f74a66,PartialFightParse,"expected 2 round-by-round tables, found 0 -- this fight likely has no round stats on ufcstats.com (common for older fights)",2026-08-11 06:06:17,0
59,fight,66788700e92a6a2f,,http://ufcstats.com/fight-details/66788700e92a6a2f,PartialFightParse,"expected 2 round-by-round tables, found 0 -- this fight likely has no round stats on ufcstats.com (common for older fights)",2026-08-11 06:06:22,0
60,fight,ddd86adc0b32fadc,,http://ufcstats.com/fight-details/ddd86adc0b32fadc,PartialFightParse,"expected 2 round-by-round tables, found 0 -- this fight likely has no round stats on ufcstats.com (common for older fights)",2026-08-11 06:06:25,0
61,fight,782dc9eeaf21fd48,,http://ufcstats.com/fight-details/782dc9eeaf21fd48,PartialFightParse,"expected 2 round-by-round tables, found 0 -- this fight likely has no round stats on ufcstats.com (common for older fights)",2026-08-11 06:06:27,0
62,fight,dd5457699e3aca9c,,http://ufcstats.com/fight-details/dd5457699e3aca9c,PartialFightParse,"expected 2 round-by-round tables, found 0 -- this fight likely has no round stats on ufcstats.com (common for older fights)",2026-08-11 06:07:32,0
63,fight,237523159112894e,,http://ufcstats.com/fight-details/237523159112894e,PartialFightParse,"expected 2 round-by-round tables, found 0 -- this fight likely has no round stats on ufcstats.com (common for older fights)",2026-08-11 06:07:55,0
64,fight,142123c2446b2582,,http://ufcstats.com/fight-details/142123c2446b2582,PartialFightParse,"expected 2 round-by-round tables, found 0 -- this fight likely has no round stats on ufcstats.com (common for older fights)",2026-08-11 06:07:56,0
65,fight,81354e750dd248fd,,http://ufcstats.com/fight-details/81354e750dd248fd,PartialFightParse,"expected 2 round-by-round tables, found 0 -- this fight likely has no round stats on ufcstats.com (common for older fights)",2026-08-11 06:07:57,0
66,fight,bf4fd0c8bb7b634c,,http://ufcstats.com/fight-details/bf4fd0c8bb7b634c,PartialFightParse,"expected 2 round-by-round tables, found 0 -- this fight likely has no round stats on ufcstats.com (common for older fights)",2026-08-11 06:07:57,0
67,fight,5af6dcedd96f0cc6,,http://ufcstats.com/fight-details/5af6dcedd96f0cc6,PartialFightParse,"expected 2 round-by-round tables, found 0 -- this fight likely has no round stats on ufcstats.com (common for older fights)",2026-08-11 06:10:26,0
68,fight,417c185bcf76408f,,http://ufcstats.com/fight-details/417c185bcf76408f,PartialFightParse,"expected 2 round-by-round tables, found 0 -- this fight likely has no round stats on ufcstats.com (common for older fights)",2026-08-11 06:10:47,0
69,fight,73914b2b72c9f875,,http://ufcstats.com/fight-details/73914b2b72c9f875,PartialFightParse,"expected 2 round-by-round tables, found 0 -- this fight likely has no round stats on ufcstats.com (common for older fights)",2026-08-11 06:10:48,0
70,fight,c9f33133605acf22,,http://ufcstats.com/fight-details/c9f33133605acf22,PartialFightParse,"expected 2 round-by-round tables, found 0 -- this fight likely has no round stats on ufcstats.com (common for older fights)",2026-08-11 06:10:48,0
71,fight,7ae8467e67ea5b29,,http://ufcstats.com/fight-details/7ae8467e67ea5b29,PartialFightParse,"expected 2 round-by-round tables, found 0 -- this fight likely has no round stats on ufcstats.com (common for older fights)",2026-08-11 06:10:48,0
72,fight,5751cf88f3e4a126,,http://ufcstats.com/fight-details/5751cf88f3e4a126,PartialFightParse,"expected 2 round-by-round tables, found 0 -- this fight likely has no round stats on ufcstats.com (common for older fights)",2026-08-11 06:11:15,0
73,fight,9ace397817d67f9e,,http://ufcstats.com/fight-details/9ace397817d67f9e,PartialFightParse,"expected 2 round-by-round tables, found 0 -- this fight likely has no round stats on ufcstats.com (common for older fights)",2026-08-11 06:11:20,0
74,fight,cb640b7dcc9db7e8,,http://ufcstats.com/fight-details/cb640b7dcc9db7e8,PartialFightParse,"expected 2 round-by-round tables, found 0 -- this fight likely has no round stats on ufcstats.com (common for older fights)",2026-08-11 06:11:23,0
75,fight,815604a4d1b68cb6,,http://ufcstats.com/fight-details/815604a4d1b68cb6,PartialFightParse,"expected 2 round-by-round tables, found 0 -- this fight likely has no round stats on ufcstats.com (common for older fights)",2026-08-11 06:11:25,0
76,fight,d580cffa15744c99,,http://ufcstats.com/fight-details/d580cffa15744c99,PartialFightParse,"expected 2 round-by-round tables, found 0 -- this fight likely has no round stats on ufcstats.com (common for older fights)",2026-08-11 06:11:25,0
77,fight,eb460412c805f220,,http://ufcstats.com/fight-details/eb460412c805f220,PartialFightParse,"expected 2 round-by-round tables, found 0 -- this fight likely has no round stats on ufcstats.com (common for older fights)",2026-08-11 06:12:28,0
78,fight,59cd7bf7fe3f1c71,,http://ufcstats.com/fight-details/59cd7bf7fe3f1c71,PartialFightParse,"expected 2 round-by-round tables, found 0 -- this fight likely has no round stats on ufcstats.com (common for older fights)",2026-08-11 06:12:39,0
79,fight,0da3374a61e7d102,,http://ufcstats.com/fight-details/0da3374a61e7d102,PartialFightParse,"expected 2 round-by-round tables, found 0 -- this fight likely has no round stats on ufcstats.com (common for older fights)",2026-08-11 06:13:26,0
80,fight,fff219fac94884d8,,http://ufcstats.com/fight-details/fff219fac94884d8,PartialFightParse,"expected 2 round-by-round tables, found 0 -- this fight likely has no round stats on ufcstats.com (common for older fights)",2026-08-11 06:13:26,0
81,fight,8375ef15cf838b76,,http://ufcstats.com/fight-details/8375ef15cf838b76,PartialFightParse,"expected 2 round-by-round tables, found 0 -- this fight likely has no round stats on ufcstats.com (common for older fights)",2026-08-11 06:13:26,0
82,fight,c413b0abc04358c3,,http://ufcstats.com/fight-details/c413b0abc04358c3,PartialFightParse,"expected 2 round-by-round tables, found 0 -- this fight likely has no round stats on ufcstats.com (common for older fights)",2026-08-11 06:13:28,0
83,fight,5dafd35781c3a857,,http://ufcstats.com/fight-details/5dafd35781c3a857,PartialFightParse,"expected 2 round-by-round tables, found 0 -- this fight likely has no round stats on ufcstats.com (common for older fights)",2026-08-11 06:13:49,0
84,fight,6011e1849dcd5a29,,http://ufcstats.com/fight-details/6011e1849dcd5a29,PartialFightParse,"expected 2 round-by-round tables, found 0 -- this fight likely has no round stats on ufcstats.com (common for older fights)",2026-08-11 06:13:49,0
85,fight,0313e2800683dd9d,,http://ufcstats.com/fight-details/0313e2800683dd9d,PartialFightParse,"expected 2 round-by-round tables, found 0 -- this fight likely has no round stats on ufcstats.com (common for older fights)",2026-08-11 06:14:36,0
86,fight,fa004e713a7d0898,,http://ufcstats.com/fight-details/fa004e713a7d0898,PartialFightParse,"expected 2 round-by-round tables, found 0 -- this fight likely has no round stats on ufcstats.com (common for older fights)",2026-08-11 06:14:36,0
87,fight,713f44a1e2deaae4,,http://ufcstats.com/fight-details/713f44a1e2deaae4,PartialFightParse,"expected 2 round-by-round tables, found 0 -- this fight likely has no round stats on ufcstats.com (common for older fights)",2026-08-11 06:14:36,0
88,fight,411e1f1e89c609fb,,http://ufcstats.com/fight-details/411e1f1e89c609fb,PartialFightParse,"expected 2 round-by-round tables, found 0 -- this fight likely has no round stats on ufcstats.com (common for older fights)",2026-08-11 06:14:36,0
89,fight,a9418e446839adc0,,http://ufcstats.com/fight-details/a9418e446839adc0,PartialFightParse,"expected 2 round-by-round tables, found 0 -- this fight likely has no round stats on ufcstats.com (common for older fights)",2026-08-11 06:14:38,0
90,fight,bea0ed817fee7c74,,http://ufcstats.com/fight-details/bea0ed817fee7c74,PartialFightParse,"expected 2 round-by-round tables, found 0 -- this fight likely has no round stats on ufcstats.com (common for older fights)",2026-08-11 06:14:39,0
91,fight,27e7bfc9294eb37d,,http://ufcstats.com/fight-details/27e7bfc9294eb37d,PartialFightParse,"expected 2 round-by-round tables, found 0 -- this fight likely has no round stats on ufcstats.com (common for older fights)",2026-08-11 06:14:41,0
92,fight,9a1206b4e9413a74,,http://ufcstats.com/fight-details/9a1206b4e9413a74,PartialFightParse,"expected 2 round-by-round tables, found 0 -- this fight likely has no round stats on ufcstats.com (common for older fights)",2026-08-11 06:14:41,0
93,fight,c28d8ffbb8fd3e9e,,http://ufcstats.com/fight-details/c28d8ffbb8fd3e9e,PartialFightParse,"expected 2 round-by-round tables, found 0 -- this fight likely has no round stats on ufcstats.com (common for older fights)",2026-08-11 06:14:55,0
94,fight,afe71c76155e7522,,http://ufcstats.com/fight-details/afe71c76155e7522,PartialFightParse,"expected 2 round-by-round tables, found 0 -- this fight likely has no round stats on ufcstats.com (common for older fights)",2026-08-11 06:14:57,0
95,fight,900890ef697e451a,,http://ufcstats.com/fight-details/900890ef697e451a,PartialFightParse,"expected 2 round-by-round tables, found 0 -- this fight likely has no round stats on ufcstats.com (common for older fights)",2026-08-11 06:15:04,0
96,fight,793b0aeab7015346,,http://ufcstats.com/fight-details/793b0aeab7015346,PartialFightParse,"expected 2 round-by-round tables, found 0 -- this fight likely has no round stats on ufcstats.com (common for older fights)",2026-08-11 06:15:54,0
97,fight,4a4813e8407a2e0a,,http://ufcstats.com/fight-details/4a4813e8407a2e0a,PartialFightParse,"expected 2 round-by-round tables, found 0 -- this fight likely has no round stats on ufcstats.com (common for older fights)",2026-08-11 06:16:09,0
98,fight,b2f7d2ff9b35d3b4,,http://ufcstats.com/fight-details/b2f7d2ff9b35d3b4,PartialFightParse,"expected 2 round-by-round tables, found 0 -- this fight likely has no round stats on ufcstats.com (common for older fights)",2026-08-11 06:16:11,0
99,fight,7f60017ac91f762b,,http://ufcstats.com/fight-details/7f60017ac91f762b,PartialFightParse,"expected 2 round-by-round tables, found 0 -- this fight likely has no round stats on ufcstats.com (common for older fights)",2026-08-11 06:16:17,0
100,fight,f8c32b83d746ef4a,,http://ufcstats.com/fight-details/f8c32b83d746ef4a,PartialFightParse,"expected 2 round-by-round tables, found 0 -- this fight likely has no round stats on ufcstats.com (common for older fights)",2026-08-11 06:16:20,0
101,fight,8ae1d7d789476d4c,,http://ufcstats.com/fight-details/8ae1d7d789476d4c,PartialFightParse,"expected 2 round-by-round tables, found 0 -- this fight likely has no round stats on ufcstats.com (common for older fights)",2026-08-11 06:16:21,0
102,fight,3766208fdbc20d32,,http://ufcstats.com/fight-details/3766208fdbc20d32,PartialFightParse,"expected 2 round-by-round tables, found 0 -- this fight likely has no round stats on ufcstats.com (common for older fights)",2026-08-11 06:16:57,0
103,fight,adc668bb94ef2e30,,http://ufcstats.com/fight-details/adc668bb94ef2e30,PartialFightParse,"expected 2 round-by-round tables, found 0 -- this fight likely has no round stats on ufcstats.com (common for older fights)",2026-08-11 06:16:58,0
104,fight,16ba84ab35415c54,,http://ufcstats.com/fight-details/16ba84ab35415c54,PartialFightParse,"expected 2 round-by-round tables, found 0 -- this fight likely has no round stats on ufcstats.com (common for older fights)",2026-08-11 06:16:58,0
105,fight,682bb08c23dd86d1,,http://ufcstats.com/fight-details/682bb08c23dd86d1,PartialFightParse,"expected 2 round-by-round tables, found 0 -- this fight likely has no round stats on ufcstats.com (common for older fights)",2026-08-11 06:17:01,0
106,fight,4415c82e232471a9,,http://ufcstats.com/fight-details/4415c82e232471a9,PartialFightParse,"expected 2 round-by-round tables, found 0 -- this fight likely has no round stats on ufcstats.com (common for older fights)",2026-08-11 06:17:02,0
107,fight,042ea219e5e46f84,,http://ufcstats.com/fight-details/042ea219e5e46f84,PartialFightParse,"expected 2 round-by-round tables, found 0 -- this fight likely has no round stats on ufcstats.com (common for older fights)",2026-08-11 06:17:03,0
108,fight,9e912e4905a19a75,,http://ufcstats.com/fight-details/9e912e4905a19a75,PartialFightParse,"expected 2 round-by-round tables, found 0 -- this fight likely has no round stats on ufcstats.com (common for older fights)",2026-08-11 06:17:11,0
109,fight,8c10733c97e01dc3,,http://ufcstats.com/fight-details/8c10733c97e01dc3,PartialFightParse,"expected 2 round-by-round tables, found 0 -- this fight likely has no round stats on ufcstats.com (common for older fights)",2026-08-11 06:17:13,0
110,fight,30709acd9d024680,,http://ufcstats.com/fight-details/30709acd9d024680,PartialFightParse,"expected 2 round-by-round tables, found 0 -- this fight likely has no round stats on ufcstats.com (common for older fights)",2026-08-11 06:17:16,0
111,fight,5688f447e79de2a4,,http://ufcstats.com/fight-details/5688f447e79de2a4,PartialFightParse,"expected 2 round-by-round tables, found 0 -- this fight likely has no round stats on ufcstats.com (common for older fights)",2026-08-11 06:17:24,0
112,fight,39ce700e6cd0c49f,,http://ufcstats.com/fight-details/39ce700e6cd0c49f,PartialFightParse,"expected 2 round-by-round tables, found 0 -- this fight likely has no round stats on ufcstats.com (common for older fights)",2026-08-11 06:17:24,0
113,fight,56674d151cf9b158,,http://ufcstats.com/fight-details/56674d151cf9b158,PartialFightParse,"expected 2 round-by-round tables, found 0 -- this fight likely has no round stats on ufcstats.com (common for older fights)",2026-08-11 06:17:35,0
114,fight,1c0fba5b885e8a15,,http://ufcstats.com/fight-details/1c0fba5b885e8a15,PartialFightParse,"expected 2 round-by-round tables, found 0 -- this fight likely has no round stats on ufcstats.com (common for older fights)",2026-08-11 06:17:36,0
115,fight,fd400f3417035734,,http://ufcstats.com/fight-details/fd400f3417035734,PartialFightParse,"expected 2 round-by-round tables, found 0 -- this fight likely has no round stats on ufcstats.com (common for older fights)",2026-08-11 06:17:40,0
116,fight,167ef9b08acba0a7,,http://ufcstats.com/fight-details/167ef9b08acba0a7,PartialFightParse,"expected 2 round-by-round tables, found 0 -- this fight likely has no round stats on ufcstats.com (common for older fights)",2026-08-11 06:17:57,0
117,fight,c4b79df91cdd4447,,http://ufcstats.com/fight-details/c4b79df91cdd4447,PartialFightParse,"expected 2 round-by-round tables, found 0 -- this fight likely has no round stats on ufcstats.com (common for older fights)",2026-08-11 06:18:04,0
118,fight,f1b2f55ee43e3b8b,,http://ufcstats.com/fight-details/f1b2f55ee43e3b8b,PartialFightParse,"expected 2 round-by-round tables, found 0 -- this fight likely has no round stats on ufcstats.com (common for older fights)",2026-08-11 06:18:05,0
119,fight,7332fecfd9ce88a6,,http://ufcstats.com/fight-details/7332fecfd9ce88a6,PartialFightParse,"expected 2 round-by-round tables, found 0 -- this fight likely has no round stats on ufcstats.com (common for older fights)",2026-08-11 06:18:37,0
120,fight,dca56219c8655de8,,http://ufcstats.com/fight-details/dca56219c8655de8,PartialFightParse,"expected 2 round-by-round tables, found 0 -- this fight likely has no round stats on ufcstats.com (common for older fights)",2026-08-11 06:18:37,0
121,fight,9d5dce909eb0ab77,,http://ufcstats.com/fight-details/9d5dce909eb0ab77,PartialFightParse,"expected 2 round-by-round tables, found 0 -- this fight likely has no round stats on ufcstats.com (common for older fights)",2026-08-11 06:18:39,0
122,fight,7d3927d916d95917,,http://ufcstats.com/fight-details/7d3927d916d95917,PartialFightParse,"expected 2 round-by-round tables, found 0 -- this fight likely has no round stats on ufcstats.com (common for older fights)",2026-08-11 06:18:39,0
123,fight,f83616f226c0cffe,,http://ufcstats.com/fight-details/f83616f226c0cffe,PartialFightParse,"expected 2 round-by-round tables, found 0 -- this fight likely has no round stats on ufcstats.com (common for older fights)",2026-08-11 06:18:45,0
124,fight,53411e3d56d58ec9,,http://ufcstats.com/fight-details/53411e3d56d58ec9,PartialFightParse,"expected 2 round-by-round tables, found 0 -- this fight likely has no round stats on ufcstats.com (common for older fights)",2026-08-11 06:18:57,0
125,fight,f161d511b7a973fb,,http://ufcstats.com/fight-details/f161d511b7a973fb,PartialFightParse,"expected 2 round-by-round tables, found 0 -- this fight likely has no round stats on ufcstats.com (common for older fights)",2026-08-11 06:18:58,0
126,fight,10e689c81935dd40,,http://ufcstats.com/fight-details/10e689c81935dd40,PartialFightParse,"expected 2 round-by-round tables, found 0 -- this fight likely has no round stats on ufcstats.com (common for older fights)",2026-08-11 06:19:11,0
127,fight,a6f342e32f68ded6,,http://ufcstats.com/fight-details/a6f342e32f68ded6,PartialFightParse,"expected 2 round-by-round tables, found 0 -- this fight likely has no round stats on ufcstats.com (common for older fights)",2026-08-11 06:19:12,0
128,fight,2d9e2fde9c264f4f,,http://ufcstats.com/fight-details/2d9e2fde9c264f4f,PartialFightParse,"expected 2 round-by-round tables, found 0 -- this fight likely has no round stats on ufcstats.com (common for older fights)",2026-08-11 06:19:15,0
129,fight,8e1dafaf40d0aea0,,http://ufcstats.com/fight-details/8e1dafaf40d0aea0,PartialFightParse,"expected 2 round-by-round tables, found 0 -- this fight likely has no round stats on ufcstats.com (common for older fights)",2026-08-11 06:19:16,0
130,fight,e754b5ac0b8c1c81,,http://ufcstats.com/fight-details/e754b5ac0b8c1c81,PartialFightParse,"expected 2 round-by-round tables, found 0 -- this fight likely has no round stats on ufcstats.com (common for older fights)",2026-08-11 06:19:20,0
131,fight,9ebd955712f8e6e3,,http://ufcstats.com/fight-details/9ebd955712f8e6e3,PartialFightParse,"expected 2 round-by-round tables, found 0 -- this fight likely has no round stats on ufcstats.com (common for older fights)",2026-08-11 06:19:38,0
132,fight,a2a34b7875a79ca1,,http://ufcstats.com/fight-details/a2a34b7875a79ca1,PartialFightParse,"expected 2 round-by-round tables, found 0 -- this fight likely has no round stats on ufcstats.com (common for older fights)",2026-08-11 06:19:39,0
133,fight,39376c02e064944e,,http://ufcstats.com/fight-details/39376c02e064944e,PartialFightParse,"expected 2 round-by-round tables, found 0 -- this fight likely has no round stats on ufcstats.com (common for older fights)",2026-08-11 06:19:40,0
134,fight,0c04a9b641f4a3c3,,http://ufcstats.com/fight-details/0c04a9b641f4a3c3,PartialFightParse,"expected 2 round-by-round tables, found 0 -- this fight likely has no round stats on ufcstats.com (common for older fights)",2026-08-11 06:19:44,0
135,fight,b45aae9776bd9a6d,,http://ufcstats.com/fight-details/b45aae9776bd9a6d,PartialFightParse,"expected 2 round-by-round tables, found 0 -- this fight likely has no round stats on ufcstats.com (common for older fights)",2026-08-11 06:19:48,0
136,fight,46c89cdd835e002c,,http://ufcstats.com/fight-details/46c89cdd835e002c,PartialFightParse,"expected 2 round-by-round tables, found 0 -- this fight likely has no round stats on ufcstats.com (common for older fights)",2026-08-11 06:20:36,0
137,fight,319640b7e4a7ff44,,http://ufcstats.com/fight-details/319640b7e4a7ff44,PartialFightParse,"expected 2 round-by-round tables, found 0 -- this fight likely has no round stats on ufcstats.com (common for older fights)",2026-08-11 06:20:39,0
138,fight,2b277a2b1cb05660,,http://ufcstats.com/fight-details/2b277a2b1cb05660,PartialFightParse,"expected 2 round-by-round tables, found 0 -- this fight likely has no round stats on ufcstats.com (common for older fights)",2026-08-11 06:20:39,0
139,fight,9dfbd2badf98ad35,,http://ufcstats.com/fight-details/9dfbd2badf98ad35,PartialFightParse,"expected 2 round-by-round tables, found 0 -- this fight likely has no round stats on ufcstats.com (common for older fights)",2026-08-11 06:21:12,0
140,fight,787715a9030ddb2b,,http://ufcstats.com/fight-details/787715a9030ddb2b,PartialFightParse,"expected 2 round-by-round tables, found 0 -- this fight likely has no round stats on ufcstats.com (common for older fights)",2026-08-11 06:21:15,0
141,fight,40c747f63d8cc6e9,,http://ufcstats.com/fight-details/40c747f63d8cc6e9,PartialFightParse,"expected 2 round-by-round tables, found 0 -- this fight likely has no round stats on ufcstats.com (common for older fights)",2026-08-11 06:21:28,0
142,fight,5d576cd36b515c03,,http://ufcstats.com/fight-details/5d576cd36b515c03,PartialFightParse,"expected 2 round-by-round tables, found 0 -- this fight likely has no round stats on ufcstats.com (common for older fights)",2026-08-11 06:21:36,0
143,fight,462650d0632a2258,,http://ufcstats.com/fight-details/462650d0632a2258,PartialFightParse,"expected 2 round-by-round tables, found 0 -- this fight likely has no round stats on ufcstats.com (common for older fights)",2026-08-11 06:21:42,0
144,fight,509a6dfd520dcb15,,http://ufcstats.com/fight-details/509a6dfd520dcb15,PartialFightParse,"expected 2 round-by-round tables, found 0 -- this fight likely has no round stats on ufcstats.com (common for older fights)",2026-08-11 06:21:43,0
145,fight,8fc5219c6e0e6dc6,,http://ufcstats.com/fight-details/8fc5219c6e0e6dc6,PartialFightParse,"expected 2 round-by-round tables, found 0 -- this fight likely has no round stats on ufcstats.com (common for older fights)",2026-08-11 06:21:55,0
146,fight,4dfc2840c97ffa71,,http://ufcstats.com/fight-details/4dfc2840c97ffa71,PartialFightParse,"expected 2 round-by-round tables, found 0 -- this fight likely has no round stats on ufcstats.com (common for older fights)",2026-08-11 06:21:59,0
147,fight,56807c93aa7cad79,,http://ufcstats.com/fight-details/56807c93aa7cad79,PartialFightParse,"expected 2 round-by-round tables, found 0 -- this fight likely has no round stats on ufcstats.com (common for older fights)",2026-08-11 06:22:03,0
148,fight,ffe9356d2fe656f3,,http://ufcstats.com/fight-details/ffe9356d2fe656f3,PartialFightParse,"expected 2 round-by-round tables, found 0 -- this fight likely has no round stats on ufcstats.com (common for older fights)",2026-08-11 06:22:16,0
149,fight,432d023d03add311,,http://ufcstats.com/fight-details/432d023d03add311,PartialFightParse,"expected 2 round-by-round tables, found 0 -- this fight likely has no round stats on ufcstats.com (common for older fights)",2026-08-11 06:22:20,0
150,fight,df841d5b1365e039,,http://ufcstats.com/fight-details/df841d5b1365e039,PartialFightParse,"expected 2 round-by-round tables, found 0 -- this fight likely has no round stats on ufcstats.com (common for older fights)",2026-08-11 06:22:34,0
151,fight,c9602f3ebb62d941,,http://ufcstats.com/fight-details/c9602f3ebb62d941,PartialFightParse,"expected 2 round-by-round tables, found 0 -- this fight likely has no round stats on ufcstats.com (common for older fights)",2026-08-11 06:22:34,0
152,fight,7a24961d33cd8fab,,http://ufcstats.com/fight-details/7a24961d33cd8fab,PartialFightParse,"expected 2 round-by-round tables, found 0 -- this fight likely has no round stats on ufcstats.com (common for older fights)",2026-08-11 06:22:36,0
153,fight,f26a29dd55c5a5cd,,http://ufcstats.com/fight-details/f26a29dd55c5a5cd,PartialFightParse,"expected 2 round-by-round tables, found 0 -- this fight likely has no round stats on ufcstats.com (common for older fights)",2026-08-11 06:22:38,0
154,fight,3a84cfc412e5e12a,,http://ufcstats.com/fight-details/3a84cfc412e5e12a,PartialFightParse,"expected 2 round-by-round tables, found 0 -- this fight likely has no round stats on ufcstats.com (common for older fights)",2026-08-11 06:22:40,0
155,fight,93d033a4d45e8ec7,,http://ufcstats.com/fight-details/93d033a4d45e8ec7,PartialFightParse,"expected 2 round-by-round tables, found 0 -- this fight likely has no round stats on ufcstats.com (common for older fights)",2026-08-11 06:23:01,0
156,fight,3bfb931e73e53f68,,http://ufcstats.com/fight-details/3bfb931e73e53f68,PartialFightParse,"expected 2 round-by-round tables, found 0 -- this fight likely has no round stats on ufcstats.com (common for older fights)",2026-08-11 06:23:02,0
157,fight,41726ad856e7becb,,http://ufcstats.com/fight-details/41726ad856e7becb,PartialFightParse,"expected 2 round-by-round tables, found 0 -- this fight likely has no round stats on ufcstats.com (common for older fights)",2026-08-11 06:23:05,0
158,fight,3286db65cf6fa265,,http://ufcstats.com/fight-details/3286db65cf6fa265,PartialFightParse,"expected 2 round-by-round tables, found 0 -- this fight likely has no round stats on ufcstats.com (common for older fights)",2026-08-11 06:23:07,0
159,fight,256e88c788c5f08f,,http://ufcstats.com/fight-details/256e88c788c5f08f,PartialFightParse,"expected 2 round-by-round tables, found 0 -- this fight likely has no round stats on ufcstats.com (common for older fights)",2026-08-11 06:23:08,0
160,fight,6449a1a9a69a830c,,http://ufcstats.com/fight-details/6449a1a9a69a830c,PartialFightParse,"expected 2 round-by-round tables, found 0 -- this fight likely has no round stats on ufcstats.com (common for older fights)",2026-08-11 06:23:08,0
161,fight,3badedeb2c5533f4,,http://ufcstats.com/fight-details/3badedeb2c5533f4,PartialFightParse,"expected 2 round-by-round tables, found 0 -- this fight likely has no round stats on ufcstats.com (common for older fights)",2026-08-11 06:23:08,0
162,fight,76f349796a3862cc,,http://ufcstats.com/fight-details/76f349796a3862cc,PartialFightParse,"expected 2 round-by-round tables, found 0 -- this fight likely has no round stats on ufcstats.com (common for older fights)",2026-08-11 06:23:10,0
163,fight,cc20ca955a263a58,,http://ufcstats.com/fight-details/cc20ca955a263a58,PartialFightParse,"expected 2 round-by-round tables, found 0 -- this fight likely has no round stats on ufcstats.com (common for older fights)",2026-08-11 06:23:19,0
164,fight,a4c7c6c92123bf1e,,http://ufcstats.com/fight-details/a4c7c6c92123bf1e,PartialFightParse,"expected 2 round-by-round tables, found 0 -- this fight likely has no round stats on ufcstats.com (common for older fights)",2026-08-11 06:23:21,0
165,fight,bb4b3fc223c227b8,,http://ufcstats.com/fight-details/bb4b3fc223c227b8,PartialFightParse,"expected 2 round-by-round tables, found 0 -- this fight likely has no round stats on ufcstats.com (common for older fights)",2026-08-11 06:23:47,0
166,fight,d93c8c77e1091a16,,http://ufcstats.com/fight-details/d93c8c77e1091a16,PartialFightParse,"expected 2 round-by-round tables, found 0 -- this fight likely has no round stats on ufcstats.com (common for older fights)",2026-08-11 06:23:48,0
167,fight,2f449bd58b3d9a99,,http://ufcstats.com/fight-details/2f449bd58b3d9a99,PartialFightParse,"expected 2 round-by-round tables, found 0 -- this fight likely has no round stats on ufcstats.com (common for older fights)",2026-08-11 06:23:52,0
168,fight,7f4fb0609c41af8b,,http://ufcstats.com/fight-details/7f4fb0609c41af8b,PartialFightParse,"expected 2 round-by-round tables, found 0 -- this fight likely has no round stats on ufcstats.com (common for older fights)",2026-08-11 06:23:52,0
169,fight,b80e6a799c95d499,,http://ufcstats.com/fight-details/b80e6a799c95d499,PartialFightParse,"expected 2 round-by-round tables, found 0 -- this fight likely has no round stats on ufcstats.com (common for older fights)",2026-08-11 06:23:52,0
170,fight,a3731e863522a698,,http://ufcstats.com/fight-details/a3731e863522a698,PartialFightParse,"expected 2 round-by-round tables, found 0 -- this fight likely has no round stats on ufcstats.com (common for older fights)",2026-08-11 06:23:57,0
171,fight,d9f0851db39067ec,,http://ufcstats.com/fight-details/d9f0851db39067ec,PartialFightParse,"expected 2 round-by-round tables, found 0 -- this fight likely has no round stats on ufcstats.com (common for older fights)",2026-08-11 06:23:57,0
172,fight,e5475f2cf5b74531,,http://ufcstats.com/fight-details/e5475f2cf5b74531,PartialFightParse,"expected 2 round-by-round tables, found 0 -- this fight likely has no round stats on ufcstats.com (common for older fights)",2026-08-11 06:23:57,0
173,fight,b2313812d9a6ace9,,http://ufcstats.com/fight-details/b2313812d9a6ace9,PartialFightParse,"expected 2 round-by-round tables, found 0 -- this fight likely has no round stats on ufcstats.com (common for older fights)",2026-08-11 06:24:00,0
174,fight,f2e14ec18f3b6672,,http://ufcstats.com/fight-details/f2e14ec18f3b6672,PartialFightParse,"expected 2 round-by-round tables, found 0 -- this fight likely has no round stats on ufcstats.com (common for older fights)",2026-08-11 06:24:05,0
175,fight,4d8c89f5dde017da,,http://ufcstats.com/fight-details/4d8c89f5dde017da,PartialFightParse,"expected 2 round-by-round tables, found 0 -- this fight likely has no round stats on ufcstats.com (common for older fights)",2026-08-11 06:24:12,0
176,fight,4bce0ce561a65288,,http://ufcstats.com/fight-details/4bce0ce561a65288,PartialFightParse,"expected 2 round-by-round tables, found 0 -- this fight likely has no round stats on ufcstats.com (common for older fights)",2026-08-11 06:24:14,0
177,fight,97876bc571bd2b19,,http://ufcstats.com/fight-details/97876bc571bd2b19,PartialFightParse,"expected 2 round-by-round tables, found 0 -- this fight likely has no round stats on ufcstats.com (common for older fights)",2026-08-11 06:24:20,0
178,fight,529b8ef33e81f219,,http://ufcstats.com/fight-details/529b8ef33e81f219,PartialFightParse,"expected 2 round-by-round tables, found 0 -- this fight likely has no round stats on ufcstats.com (common for older fights)",2026-08-11 06:24:20,0
179,fight,5b6ac309667e7c3b,,http://ufcstats.com/fight-details/5b6ac309667e7c3b,PartialFightParse,"expected 2 round-by-round tables, found 0 -- this fight likely has no round stats on ufcstats.com (common for older fights)",2026-08-11 06:24:22,0
180,fight,898bb2a421ae58d6,,http://ufcstats.com/fight-details/898bb2a421ae58d6,PartialFightParse,"expected 2 round-by-round tables, found 0 -- this fight likely has no round stats on ufcstats.com (common for older fights)",2026-08-11 06:24:26,0
181,fight,d3a95dc092a3b98e,,http://ufcstats.com/fight-details/d3a95dc092a3b98e,PartialFightParse,"expected 2 round-by-round tables, found 0 -- this fight likely has no round stats on ufcstats.com (common for older fights)",2026-08-11 06:24:27,0
182,fight,88e09c269e38ad7e,,http://ufcstats.com/fight-details/88e09c269e38ad7e,PartialFightParse,"expected 2 round-by-round tables, found 0 -- this fight likely has no round stats on ufcstats.com (common for older fights)",2026-08-11 06:24:37,0
183,fight,f2a79c82c850a474,,http://ufcstats.com/fight-details/f2a79c82c850a474,PartialFightParse,"expected 2 round-by-round tables, found 0 -- this fight likely has no round stats on ufcstats.com (common for older fights)",2026-08-11 06:24:37,0
184,fight,ca22594226b2dcc6,,http://ufcstats.com/fight-details/ca22594226b2dcc6,PartialFightParse,"expected 2 round-by-round tables, found 0 -- this fight likely has no round stats on ufcstats.com (common for older fights)",2026-08-11 06:24:37,0
185,fight,8b7f63980b08d2ce,,http://ufcstats.com/fight-details/8b7f63980b08d2ce,PartialFightParse,"expected 2 round-by-round tables, found 0 -- this fight likely has no round stats on ufcstats.com (common for older fights)",2026-08-11 06:24:43,0
186,fight,109cdaeb21549bcc,,http://ufcstats.com/fight-details/109cdaeb21549bcc,PartialFightParse,"expected 2 round-by-round tables, found 0 -- this fight likely has no round stats on ufcstats.com (common for older fights)",2026-08-11 06:24:49,0
187,fight,d69249b26102b292,,http://ufcstats.com/fight-details/d69249b26102b292,PartialFightParse,"expected 2 round-by-round tables, found 0 -- this fight likely has no round stats on ufcstats.com (common for older fights)",2026-08-11 06:24:53,0
188,fight,bb738930036cfeba,,http://ufcstats.com/fight-details/bb738930036cfeba,PartialFightParse,"expected 2 round-by-round tables, found 0 -- this fight likely has no round stats on ufcstats.com (common for older fights)",2026-08-11 06:25:06,0
189,fight,0168a8cd8315e59e,,http://ufcstats.com/fight-details/0168a8cd8315e59e,PartialFightParse,"expected 2 round-by-round tables, found 0 -- this fight likely has no round stats on ufcstats.com (common for older fights)",2026-08-11 06:25:07,0
190,fight,b90c89220d2f7d3d,,http://ufcstats.com/fight-details/b90c89220d2f7d3d,PartialFightParse,"expected 2 round-by-round tables, found 0 -- this fight likely has no round stats on ufcstats.com (common for older fights)",2026-08-11 06:25:08,0
191,fight,e22f3f1b19d4b51c,,http://ufcstats.com/fight-details/e22f3f1b19d4b51c,PartialFightParse,"expected 2 round-by-round tables, found 0 -- this fight likely has no round stats on ufcstats.com (common for older fights)",2026-08-11 06:25:10,0
192,fight,5b959d6c68d6daa0,,http://ufcstats.com/fight-details/5b959d6c68d6daa0,PartialFightParse,"expected 2 round-by-round tables, found 0 -- this fight likely has no round stats on ufcstats.com (common for older fights)",2026-08-11 06:25:12,0
193,fight,d3fbdc3cb3efc7aa,,http://ufcstats.com/fight-details/d3fbdc3cb3efc7aa,PartialFightParse,"expected 2 round-by-round tables, found 0 -- this fight likely has no round stats on ufcstats.com (common for older fights)",2026-08-11 06:25:18,0
194,fight,31bd98c45d06a038,,http://ufcstats.com/fight-details/31bd98c45d06a038,PartialFightParse,"expected 2 round-by-round tables, found 0 -- this fight likely has no round stats on ufcstats.com (common for older fights)",2026-08-11 06:25:18,0
195,fight,7d19db5befd8ddde,,http://ufcstats.com/fight-details/7d19db5befd8ddde,PartialFightParse,"expected 2 round-by-round tables, found 0 -- this fight likely has no round stats on ufcstats.com (common for older fights)",2026-08-11 06:25:19,0
196,fight,f15c1bd6bbaf2be2,,http://ufcstats.com/fight-details/f15c1bd6bbaf2be2,PartialFightParse,"expected 2 round-by-round tables, found 0 -- this fight likely has no round stats on ufcstats.com (common for older fights)",2026-08-11 06:25:21,0
197,fight,0349606b5b992dec,,http://ufcstats.com/fight-details/0349606b5b992dec,PartialFightParse,"expected 2 round-by-round tables, found 0 -- this fight likely has no round stats on ufcstats.com (common for older fights)",2026-08-11 06:25:24,0
198,fight,a434830b1f2c43fc,,http://ufcstats.com/fight-details/a434830b1f2c43fc,PartialFightParse,"expected 2 round-by-round tables, found 0 -- this fight likely has no round stats on ufcstats.com (common for older fights)",2026-08-11 06:25:25,0
199,fight,f77022dfc627e121,,http://ufcstats.com/fight-details/f77022dfc627e121,PartialFightParse,"expected 2 round-by-round tables, found 0 -- this fight likely has no round stats on ufcstats.com (common for older fights)",2026-08-11 06:25:39,0
200,fight,0eadf39171bd7e3e,,http://ufcstats.com/fight-details/0eadf39171bd7e3e,PartialFightParse,"expected 2 round-by-round tables, found 0 -- this fight likely has no round stats on ufcstats.com (common for older fights)",2026-08-11 06:25:39,0
201,fight,2144d4e090b15e55,,http://ufcstats.com/fight-details/2144d4e090b15e55,PartialFightParse,"expected 2 round-by-round tables, found 0 -- this fight likely has no round stats on ufcstats.com (common for older fights)",2026-08-11 06:25:42,0
202,fight,8bfcaa85e06dc84b,,http://ufcstats.com/fight-details/8bfcaa85e06dc84b,PartialFightParse,"expected 2 round-by-round tables, found 0 -- this fight likely has no round stats on ufcstats.com (common for older fights)",2026-08-11 06:25:43,0
203,fight,f3e8d68765b2a75d,,http://ufcstats.com/fight-details/f3e8d68765b2a75d,PartialFightParse,"expected 2 round-by-round tables, found 0 -- this fight likely has no round stats on ufcstats.com (common for older fights)",2026-08-11 06:25:54,0
204,fight,8192d10021f932f9,,http://ufcstats.com/fight-details/8192d10021f932f9,PartialFightParse,"expected 2 round-by-round tables, found 0 -- this fight likely has no round stats on ufcstats.com (common for older fights)",2026-08-11 06:25:58,0
205,fight,ca66e28f1d4f8125,,http://ufcstats.com/fight-details/ca66e28f1d4f8125,PartialFightParse,"expected 2 round-by-round tables, found 0 -- this fight likely has no round stats on ufcstats.com (common for older fights)",2026-08-11 06:25:58,0
206,fight,ac8ac7fcbdf2f9fe,,http://ufcstats.com/fight-details/ac8ac7fcbdf2f9fe,PartialFightParse,"expected 2 round-by-round tables, found 0 -- this fight likely has no round stats on ufcstats.com (common for older fights)",2026-08-11 06:25:59,0
207,fight,802c28015de08bd3,,http://ufcstats.com/fight-details/802c28015de08bd3,PartialFightParse,"expected 2 round-by-round tables, found 0 -- this fight likely has no round stats on ufcstats.com (common for older fights)",2026-08-11 06:26:07,0
208,fight,7a5534eae872c5ae,,http://ufcstats.com/fight-details/7a5534eae872c5ae,PartialFightParse,"expected 2 round-by-round tables, found 0 -- this fight likely has no round stats on ufcstats.com (common for older fights)",2026-08-11 06:26:20,0
209,fight,a1db4c917777aa79,,http://ufcstats.com/fight-details/a1db4c917777aa79,PartialFightParse,"expected 2 round-by-round tables, found 0 -- this fight likely has no round stats on ufcstats.com (common for older fights)",2026-08-11 06:26:28,0
210,fight,30a4a652eb4dbaaa,,http://ufcstats.com/fight-details/30a4a652eb4dbaaa,PartialFightParse,"expected 2 round-by-round tables, found 0 -- this fight likely has no round stats on ufcstats.com (common for older fights)",2026-08-11 06:26:48,0
211,fight,6cca675fbec5a9ca,,http://ufcstats.com/fight-details/6cca675fbec5a9ca,PartialFightParse,"expected 2 round-by-round tables, found 0 -- this fight likely has no round stats on ufcstats.com (common for older fights)",2026-08-11 06:26:49,0
212,fight,3963c77bd1628165,,http://ufcstats.com/fight-details/3963c77bd1628165,PartialFightParse,"expected 2 round-by-round tables, found 0 -- this fight likely has no round stats on ufcstats.com (common for older fights)",2026-08-11 06:26:49,0
213,fight,b80872821bc4f6ba,,http://ufcstats.com/fight-details/b80872821bc4f6ba,PartialFightParse,"expected 2 round-by-round tables, found 0 -- this fight likely has no round stats on ufcstats.com (common for older fights)",2026-08-11 06:26:49,0
214,fight,b31af4ba792c9d19,,http://ufcstats.com/fight-details/b31af4ba792c9d19,PartialFightParse,"expected 2 round-by-round tables, found 0 -- this fight likely has no round stats on ufcstats.com (common for older fights)",2026-08-11 06:26:50,0
215,fight,5c8b91073cc25f33,,http://ufcstats.com/fight-details/5c8b91073cc25f33,PartialFightParse,"expected 2 round-by-round tables, found 0 -- this fight likely has no round stats on ufcstats.com (common for older fights)",2026-08-11 06:26:55,0
216,fight,1db0f571823145d8,,http://ufcstats.com/fight-details/1db0f571823145d8,PartialFightParse,"expected 2 round-by-round tables, found 0 -- this fight likely has no round stats on ufcstats.com (common for older fights)",2026-08-11 06:26:55,0
217,fight,8cefea96a5f67fc9,,http://ufcstats.com/fight-details/8cefea96a5f67fc9,PartialFightParse,"expected 2 round-by-round tables, found 0 -- this fight likely has no round stats on ufcstats.com (common for older fights)",2026-08-11 06:26:55,0
218,fight,98f15526cc0a461c,,http://ufcstats.com/fight-details/98f15526cc0a461c,PartialFightParse,"expected 2 round-by-round tables, found 0 -- this fight likely has no round stats on ufcstats.com (common for older fights)",2026-08-11 06:26:56,0
219,fight,25545fe0c7044932,,http://ufcstats.com/fight-details/25545fe0c7044932,PartialFightParse,"expected 2 round-by-round tables, found 0 -- this fight likely has no round stats on ufcstats.com (common for older fights)",2026-08-11 06:26:57,0
220,fight,6c846719d1f2c568,,http://ufcstats.com/fight-details/6c846719d1f2c568,PartialFightParse,"expected 2 round-by-round tables, found 0 -- this fight likely has no round stats on ufcstats.com (common for older fights)",2026-08-11 06:26:57,0
221,fight,473ecef5e925971d,,http://ufcstats.com/fight-details/473ecef5e925971d,PartialFightParse,"expected 2 round-by-round tables, found 0 -- this fight likely has no round stats on ufcstats.com (common for older fights)",2026-08-11 06:27:02,0
222,fight,1ac0a44f1627f05d,,http://ufcstats.com/fight-details/1ac0a44f1627f05d,PartialFightParse,"expected 2 round-by-round tables, found 0 -- this fight likely has no round stats on ufcstats.com (common for older fights)",2026-08-11 06:27:02,0
223,fight,43a6c66af55008ad,,http://ufcstats.com/fight-details/43a6c66af55008ad,PartialFightParse,"expected 2 round-by-round tables, found 0 -- this fight likely has no round stats on ufcstats.com (common for older fights)",2026-08-11 06:27:03,0
224,fight,bbf93892f1a9017c,,http://ufcstats.com/fight-details/bbf93892f1a9017c,PartialFightParse,"expected 2 round-by-round tables, found 0 -- this fight likely has no round stats on ufcstats.com (common for older fights)",2026-08-11 06:27:10,0
225,fight,d0f2fb4dfac623a6,,http://ufcstats.com/fight-details/d0f2fb4dfac623a6,PartialFightParse,"expected 2 round-by-round tables, found 0 -- this fight likely has no round stats on ufcstats.com (common for older fights)",2026-08-11 06:27:11,0
226,fight,74b5745fa01bb350,,http://ufcstats.com/fight-details/74b5745fa01bb350,PartialFightParse,"expected 2 round-by-round tables, found 0 -- this fight likely has no round stats on ufcstats.com (common for older fights)",2026-08-11 06:27:12,0
227,fight,dcec9cc0f4ac8f95,,http://ufcstats.com/fight-details/dcec9cc0f4ac8f95,PartialFightParse,"expected 2 round-by-round tables, found 0 -- this fight likely has no round stats on ufcstats.com (common for older fights)",2026-08-11 06:27:13,0
228,fight,2f5e1c2bb8dec84b,,http://ufcstats.com/fight-details/2f5e1c2bb8dec84b,PartialFightParse,"expected 2 round-by-round tables, found 0 -- this fight likely has no round stats on ufcstats.com (common for older fights)",2026-08-11 06:27:13,0
229,fight,c2764af250e03bf8,,http://ufcstats.com/fight-details/c2764af250e03bf8,PartialFightParse,"expected 2 round-by-round tables, found 0 -- this fight likely has no round stats on ufcstats.com (common for older fights)",2026-08-11 06:27:16,0
230,fight,d781ee8ef1a4bb65,,http://ufcstats.com/fight-details/d781ee8ef1a4bb65,PartialFightParse,"expected 2 round-by-round tables, found 0 -- this fight likely has no round stats on ufcstats.com (common for older fights)",2026-08-11 06:27:24,0
231,fight,69f0b5f253d42c3d,,http://ufcstats.com/fight-details/69f0b5f253d42c3d,PartialFightParse,"expected 2 round-by-round tables, found 0 -- this fight likely has no round stats on ufcstats.com (common for older fights)",2026-08-11 06:27:36,0
232,fight,1ba7b5adb35da81a,,http://ufcstats.com/fight-details/1ba7b5adb35da81a,PartialFightParse,"expected 2 round-by-round tables, found 0 -- this fight likely has no round stats on ufcstats.com (common for older fights)",2026-08-11 06:27:39,0
233,fight,c86a90967b123d31,,http://ufcstats.com/fight-details/c86a90967b123d31,PartialFightParse,"expected 2 round-by-round tables, found 0 -- this fight likely has no round stats on ufcstats.com (common for older fights)",2026-08-11 06:27:39,0
234,fight,4b97406fa671a438,,http://ufcstats.com/fight-details/4b97406fa671a438,PartialFightParse,"expected 2 round-by-round tables, found 0 -- this fight likely has no round stats on ufcstats.com (common for older fights)",2026-08-11 06:27:54,0
235,fight,df8d4ceb9239f2f8,,http://ufcstats.com/fight-details/df8d4ceb9239f2f8,PartialFightParse,"expected 2 round-by-round tables, found 0 -- this fight likely has no round stats on ufcstats.com (common for older fights)",2026-08-11 06:27:54,0
236,fight,cb052007d1f07eea,,http://ufcstats.com/fight-details/cb052007d1f07eea,PartialFightParse,"expected 2 round-by-round tables, found 0 -- this fight likely has no round stats on ufcstats.com (common for older fights)",2026-08-11 06:27:57,0
237,fight,3c98de092f314d9e,,http://ufcstats.com/fight-details/3c98de092f314d9e,PartialFightParse,"expected 2 round-by-round tables, found 0 -- this fight likely has no round stats on ufcstats.com (common for older fights)",2026-08-11 06:28:30,0
238,fight,c0002de181334f3e,,http://ufcstats.com/fight-details/c0002de181334f3e,PartialFightParse,"expected 2 round-by-round tables, found 0 -- this fight likely has no round stats on ufcstats.com (common for older fights)",2026-08-11 06:28:48,0
239,fight,dd42bc42222ffa64,,http://ufcstats.com/fight-details/dd42bc42222ffa64,PartialFightParse,"expected 2 round-by-round tables, found 0 -- this fight likely has no round stats on ufcstats.com (common for older fights)",2026-08-11 06:28:48,0
240,fight,d4ce05bd60e091d7,,http://ufcstats.com/fight-details/d4ce05bd60e091d7,PartialFightParse,"expected 2 round-by-round tables, found 0 -- this fight likely has no round stats on ufcstats.com (common for older fights)",2026-08-11 06:28:48,0
241,fight,d68458d7ceeae267,,http://ufcstats.com/fight-details/d68458d7ceeae267,PartialFightParse,"expected 2 round-by-round tables, found 0 -- this fight likely has no round stats on ufcstats.com (common for older fights)",2026-08-11 06:29:16,0
242,fight,1e440a1425f1d0a7,,http://ufcstats.com/fight-details/1e440a1425f1d0a7,PartialFightParse,"expected 2 round-by-round tables, found 0 -- this fight likely has no round stats on ufcstats.com (common for older fights)",2026-08-11 06:29:16,0
243,fight,4fac31dde3f19b17,,http://ufcstats.com/fight-details/4fac31dde3f19b17,PartialFightParse,"expected 2 round-by-round tables, found 0 -- this fight likely has no round stats on ufcstats.com (common for older fights)",2026-08-11 06:29:26,0
244,fight,4b334c9727eee450,,http://ufcstats.com/fight-details/4b334c9727eee450,PartialFightParse,"expected 2 round-by-round tables, found 0 -- this fight likely has no round stats on ufcstats.com (common for older fights)",2026-08-11 06:29:41,0
245,fight,1206dc7d5228f5bd,,http://ufcstats.com/fight-details/1206dc7d5228f5bd,PartialFightParse,"expected 2 round-by-round tables, found 0 -- this fight likely has no round stats on ufcstats.com (common for older fights)",2026-08-11 06:29:49,0
246,fight,3c28c251bac3034b,,http://ufcstats.com/fight-details/3c28c251bac3034b,PartialFightParse,"expected 2 round-by-round tables, found 0 -- this fight likely has no round stats on ufcstats.com (common for older fights)",2026-08-11 06:30:03,0
247,fight,3459dd26c5ceb7d5,,http://ufcstats.com/fight-details/3459dd26c5ceb7d5,PartialFightParse,"expected 2 round-by-round tables, found 0 -- this fight likely has no round stats on ufcstats.com (common for older fights)",2026-08-11 06:30:10,0
248,fight,6789480d7daea557,,http://ufcstats.com/fight-details/6789480d7daea557,PartialFightParse,"expected 2 round-by-round tables, found 0 -- this fight likely has no round stats on ufcstats.com (common for older fights)",2026-08-11 06:30:33,0
249,fight,b51131ac1f50b067,,http://ufcstats.com/fight-details/b51131ac1f50b067,PartialFightParse,"expected 2 round-by-round tables, found 0 -- this fight likely has no round stats on ufcstats.com (common for older fights)",2026-08-11 06:30:40,0
250,fight,e8e483c38c643e66,,http://ufcstats.com/fight-details/e8e483c38c643e66,PartialFightParse,"expected 2 round-by-round tables, found 0 -- this fight likely has no round stats on ufcstats.com (common for older fights)",2026-08-11 06:30:42,0
251,fight,4e0b7cd687a2eaf7,,http://ufcstats.com/fight-details/4e0b7cd687a2eaf7,PartialFightParse,"expected 2 round-by-round tables, found 0 -- this fight likely has no round stats on ufcstats.com (common for older fights)",2026-08-11 06:30:48,0
252,fight,3b41b638b6358274,,http://ufcstats.com/fight-details/3b41b638b6358274,PartialFightParse,"expected 2 round-by-round tables, found 0 -- this fight likely has no round stats on ufcstats.com (common for older fights)",2026-08-11 06:31:02,0
253,fight,da7d61dfe3989093,,http://ufcstats.com/fight-details/da7d61dfe3989093,PartialFightParse,"expected 2 round-by-round tables, found 0 -- this fight likely has no round stats on ufcstats.com (common for older fights)",2026-08-11 06:31:03,0
254,fight,34ce39dcc45787c6,,http://ufcstats.com/fight-details/34ce39dcc45787c6,PartialFightParse,"expected 2 round-by-round tables, found 0 -- this fight likely has no round stats on ufcstats.com (common for older fights)",2026-08-11 06:31:03,0
255,fight,b1aa2a2e7a56667b,,http://ufcstats.com/fight-details/b1aa2a2e7a56667b,PartialFightParse,"expected 2 round-by-round tables, found 0 -- this fight likely has no round stats on ufcstats.com (common for older fights)",2026-08-11 06:31:10,0
256,fight,f3e7ac4055e7a453,,http://ufcstats.com/fight-details/f3e7ac4055e7a453,PartialFightParse,"expected 2 round-by-round tables, found 0 -- this fight likely has no round stats on ufcstats.com (common for older fights)",2026-08-11 06:31:12,0
257,fight,5732b6966c2232c4,,http://ufcstats.com/fight-details/5732b6966c2232c4,PartialFightParse,"expected 2 round-by-round tables, found 0 -- this fight likely has no round stats on ufcstats.com (common for older fights)",2026-08-11 06:31:26,0
258,fight,565ecefd8a37ad7e,,http://ufcstats.com/fight-details/565ecefd8a37ad7e,PartialFightParse,"expected 2 round-by-round tables, found 0 -- this fight likely has no round stats on ufcstats.com (common for older fights)",2026-08-11 06:31:32,0
259,fight,bc0190e0e7f80d82,,http://ufcstats.com/fight-details/bc0190e0e7f80d82,PartialFightParse,"expected 2 round-by-round tables, found 0 -- this fight likely has no round stats on ufcstats.com (common for older fights)",2026-08-11 06:31:32,0
260,fight,bc7147fd7b8db8e9,,http://ufcstats.com/fight-details/bc7147fd7b8db8e9,PartialFightParse,"expected 2 round-by-round tables, found 0 -- this fight likely has no round stats on ufcstats.com (common for older fights)",2026-08-11 06:31:55,0
261,fight,5116d22da5be2ffa,,http://ufcstats.com/fight-details/5116d22da5be2ffa,PartialFightParse,"expected 2 round-by-round tables, found 0 -- this fight likely has no round stats on ufcstats.com (common for older fights)",2026-08-11 06:32:11,0
262,fight,ee1da0f9a06ea0ae,,http://ufcstats.com/fight-details/ee1da0f9a06ea0ae,PartialFightParse,"expected 2 round-by-round tables, found 0 -- this fight likely has no round stats on ufcstats.com (common for older fights)",2026-08-11 06:32:24,0
263,fight,26024189488b22a5,,http://ufcstats.com/fight-details/26024189488b22a5,PartialFightParse,"expected 2 round-by-round tables, found 0 -- this fight likely has no round stats on ufcstats.com (common for older fights)",2026-08-11 06:32:44,0
264,fight,2b39788a4f9530d1,,http://ufcstats.com/fight-details/2b39788a4f9530d1,PartialFightParse,"expected 2 round-by-round tables, found 0 -- this fight likely has no round stats on ufcstats.com (common for older fights)",2026-08-11 06:32:52,0
265,fight,04ab1542925032ea,,http://ufcstats.com/fight-details/04ab1542925032ea,PartialFightParse,"expected 2 round-by-round tables, found 0 -- this fight likely has no round stats on ufcstats.com (common for older fights)",2026-08-11 06:32:56,0
266,fight,eb8a108217b234cb,,http://ufcstats.com/fight-details/eb8a108217b234cb,PartialFightParse,"expected 2 round-by-round tables, found 0 -- this fight likely has no round stats on ufcstats.com (common for older fights)",2026-08-11 06:32:56,0
267,fight,209e1ac3966c6c41,,http://ufcstats.com/fight-details/209e1ac3966c6c41,PartialFightParse,"expected 2 round-by-round tables, found 0 -- this fight likely has no round stats on ufcstats.com (common for older fights)",2026-08-11 06:33:01,0
268,fight,e491dcf5c243c088,,http://ufcstats.com/fight-details/e491dcf5c243c088,PartialFightParse,"expected 2 round-by-round tables, found 0 -- this fight likely has no round stats on ufcstats.com (common for older fights)",2026-08-11 06:33:01,0
269,fight,fe7c434ced7759e5,,http://ufcstats.com/fight-details/fe7c434ced7759e5,PartialFightParse,"expected 2 round-by-round tables, found 0 -- this fight likely has no round stats on ufcstats.com (common for older fights)",2026-08-11 06:33:02,0
270,fight,5511eaf7873c4a21,,http://ufcstats.com/fight-details/5511eaf7873c4a21,PartialFightParse,"expected 2 round-by-round tables, found 0 -- this fight likely has no round stats on ufcstats.com (common for older fights)",2026-08-11 06:33:02,0
271,fight,12053410a45e4311,,http://ufcstats.com/fight-details/12053410a45e4311,PartialFightParse,"expected 2 round-by-round tables, found 0 -- this fight likely has no round stats on ufcstats.com (common for older fights)",2026-08-11 06:33:12,0
272,fight,5216d14d649ed5db,,http://ufcstats.com/fight-details/5216d14d649ed5db,PartialFightParse,"expected 2 round-by-round tables, found 0 -- this fight likely has no round stats on ufcstats.com (common for older fights)",2026-08-11 06:33:16,0
273,fight,a41f67bc1174ad85,,http://ufcstats.com/fight-details/a41f67bc1174ad85,PartialFightParse,"expected 2 round-by-round tables, found 0 -- this fight likely has no round stats on ufcstats.com (common for older fights)",2026-08-11 06:33:21,0
274,fight,0953c5573290719a,,http://ufcstats.com/fight-details/0953c5573290719a,PartialFightParse,"expected 2 round-by-round tables, found 0 -- this fight likely has no round stats on ufcstats.com (common for older fights)",2026-08-11 06:33:25,0
275,fight,8789acd6479f7b31,,http://ufcstats.com/fight-details/8789acd6479f7b31,PartialFightParse,"expected 2 round-by-round tables, found 0 -- this fight likely has no round stats on ufcstats.com (common for older fights)",2026-08-11 06:33:25,0
276,fight,5618bcff9d742d85,,http://ufcstats.com/fight-details/5618bcff9d742d85,PartialFightParse,"expected 2 round-by-round tables, found 0 -- this fight likely has no round stats on ufcstats.com (common for older fights)",2026-08-11 06:33:42,0
277,fight,b361da093a16a614,,http://ufcstats.com/fight-details/b361da093a16a614,PartialFightParse,"expected 2 round-by-round tables, found 0 -- this fight likely has no round stats on ufcstats.com (common for older fights)",2026-08-11 06:33:45,0
278,fight,ac1643d70b0b984c,,http://ufcstats.com/fight-details/ac1643d70b0b984c,PartialFightParse,"expected 2 round-by-round tables, found 0 -- this fight likely has no round stats on ufcstats.com (common for older fights)",2026-08-11 06:33:48,0
279,fight,7d7e4e72d08fb331,,http://ufcstats.com/fight-details/7d7e4e72d08fb331,PartialFightParse,"expected 2 round-by-round tables, found 0 -- this fight likely has no round stats on ufcstats.com (common for older fights)",2026-08-11 06:33:54,0
280,fight,c6cb0d84501c98d3,,http://ufcstats.com/fight-details/c6cb0d84501c98d3,PartialFightParse,"expected 2 round-by-round tables, found 0 -- this fight likely has no round stats on ufcstats.com (common for older fights)",2026-08-11 06:33:54,0
281,fight,704cf5fe7c155e66,,http://ufcstats.com/fight-details/704cf5fe7c155e66,PartialFightParse,"expected 2 round-by-round tables, found 0 -- this fight likely has no round stats on ufcstats.com (common for older fights)",2026-08-11 06:33:54,0
282,fight,bcb38a9d29822d3d,,http://ufcstats.com/fight-details/bcb38a9d29822d3d,PartialFightParse,"expected 2 round-by-round tables, found 0 -- this fight likely has no round stats on ufcstats.com (common for older fights)",2026-08-11 06:34:11,0
283,fight,9be14b958737f074,,http://ufcstats.com/fight-details/9be14b958737f074,PartialFightParse,"expected 2 round-by-round tables, found 0 -- this fight likely has no round stats on ufcstats.com (common for older fights)",2026-08-11 06:34:13,0
284,fight,b30407b833e96f96,,http://ufcstats.com/fight-details/b30407b833e96f96,PartialFightParse,"expected 2 round-by-round tables, found 0 -- this fight likely has no round stats on ufcstats.com (common for older fights)",2026-08-11 06:34:25,0
285,fight,b48fdc15154b542e,,http://ufcstats.com/fight-details/b48fdc15154b542e,PartialFightParse,"expected 2 round-by-round tables, found 0 -- this fight likely has no round stats on ufcstats.com (common for older fights)",2026-08-11 06:34:26,0
286,fight,773c36a7891b8567,,http://ufcstats.com/fight-details/773c36a7891b8567,PartialFightParse,"expected 2 round-by-round tables, found 0 -- this fight likely has no round stats on ufcstats.com (common for older fights)",2026-08-11 06:34:31,0
287,fight,4146a71795a084f0,,http://ufcstats.com/fight-details/4146a71795a084f0,PartialFightParse,"expected 2 round-by-round tables, found 0 -- this fight likely has no round stats on ufcstats.com (common for older fights)",2026-08-11 06:34:49,0
288,fight,66b5615704b18de0,,http://ufcstats.com/fight-details/66b5615704b18de0,PartialFightParse,"expected 2 round-by-round tables, found 0 -- this fight likely has no round stats on ufcstats.com (common for older fights)",2026-08-11 06:34:53,0
289,fight,e935a2b543d057e5,,http://ufcstats.com/fight-details/e935a2b543d057e5,PartialFightParse,"expected 2 round-by-round tables, found 0 -- this fight likely has no round stats on ufcstats.com (common for older fights)",2026-08-11 06:34:56,0
290,fight,1b5f32e4fd52225b,,http://ufcstats.com/fight-details/1b5f32e4fd52225b,PartialFightParse,"expected 2 round-by-round tables, found 0 -- this fight likely has no round stats on ufcstats.com (common for older fights)",2026-08-11 06:35:02,0
291,fight,30cbe5ff6b997f8e,,http://ufcstats.com/fight-details/30cbe5ff6b997f8e,PartialFightParse,"expected 2 round-by-round tables, found 0 -- this fight likely has no round stats on ufcstats.com (common for older fights)",2026-08-11 06:35:09,0
292,fight,54c58e879d0a8d36,,http://ufcstats.com/fight-details/54c58e879d0a8d36,PartialFightParse,"expected 2 round-by-round tables, found 0 -- this fight likely has no round stats on ufcstats.com (common for older fights)",2026-08-11 06:35:17,0
293,fight,8993e293a63bb5f3,,http://ufcstats.com/fight-details/8993e293a63bb5f3,PartialFightParse,"expected 2 round-by-round tables, found 0 -- this fight likely has no round stats on ufcstats.com (common for older fights)",2026-08-11 06:35:18,0
294,fight,9a27064991a9e9d4,,http://ufcstats.com/fight-details/9a27064991a9e9d4,PartialFightParse,"expected 2 round-by-round tables, found 0 -- this fight likely has no round stats on ufcstats.com (common for older fights)",2026-08-11 06:35:19,0
295,fight,dc51846a645f0428,,http://ufcstats.com/fight-details/dc51846a645f0428,PartialFightParse,"expected 2 round-by-round tables, found 0 -- this fight likely has no round stats on ufcstats.com (common for older fights)",2026-08-11 06:35:34,0
296,fight,36cc34108a238ba3,,http://ufcstats.com/fight-details/36cc34108a238ba3,PartialFightParse,"expected 2 round-by-round tables, found 0 -- this fight likely has no round stats on ufcstats.com (common for older fights)",2026-08-11 06:36:01,0
297,fight,80baa3ae3092693d,,http://ufcstats.com/fight-details/80baa3ae3092693d,PartialFightParse,"expected 2 round-by-round tables, found 0 -- this fight likely has no round stats on ufcstats.com (common for older fights)",2026-08-11 06:36:14,0
298,fight,badfa1ceb1d9662c,,http://ufcstats.com/fight-details/badfa1ceb1d9662c,PartialFightParse,"expected 2 round-by-round tables, found 0 -- this fight likely has no round stats on ufcstats.com (common for older fights)",2026-08-11 06:36:15,0
299,fight,4fb8347a5c424198,,http://ufcstats.com/fight-details/4fb8347a5c424198,PartialFightParse,"expected 2 round-by-round tables, found 0 -- this fight likely has no round stats on ufcstats.com (common for older fights)",2026-08-11 06:36:15,0
300,fight,6a2e067492347f51,,http://ufcstats.com/fight-details/6a2e067492347f51,PartialFightParse,"expected 2 round-by-round tables, found 0 -- this fight likely has no round stats on ufcstats.com (common for older fights)",2026-08-11 06:36:15,0
301,fight,f6b66c307423061c,,http://ufcstats.com/fight-details/f6b66c307423061c,PartialFightParse,"expected 2 round-by-round tables, found 0 -- this fight likely has no round stats on ufcstats.com (common for older fights)",2026-08-11 06:36:20,0
302,fight,39c0c09f8976dafa,,http://ufcstats.com/fight-details/39c0c09f8976dafa,PartialFightParse,"expected 2 round-by-round tables, found 0 -- this fight likely has no round stats on ufcstats.com (common for older fights)",2026-08-11 06:37:16,0
303,fight,ec2ceffc80b80fb8,,http://ufcstats.com/fight-details/ec2ceffc80b80fb8,PartialFightParse,"expected 2 round-by-round tables, found 0 -- this fight likely has no round stats on ufcstats.com (common for older fights)",2026-08-11 06:37:26,0
304,fight,c70c214b3eac2b93,,http://ufcstats.com/fight-details/c70c214b3eac2b93,PartialFightParse,"expected 2 round-by-round tables, found 0 -- this fight likely has no round stats on ufcstats.com (common for older fights)",2026-08-11 06:37:26,0
305,fight,9b3b15de4c8d9029,,http://ufcstats.com/fight-details/9b3b15de4c8d9029,PartialFightParse,"expected 2 round-by-round tables, found 0 -- this fight likely has no round stats on ufcstats.com (common for older fights)",2026-08-11 06:37:32,0
306,fight,98d15e32630438d8,,http://ufcstats.com/fight-details/98d15e32630438d8,PartialFightParse,"expected 2 round-by-round tables, found 0 -- this fight likely has no round stats on ufcstats.com (common for older fights)",2026-08-11 06:37:36,0
307,fight,860ba4c51eca6a7d,,http://ufcstats.com/fight-details/860ba4c51eca6a7d,PartialFightParse,"expected 2 round-by-round tables, found 0 -- this fight likely has no round stats on ufcstats.com (common for older fights)",2026-08-11 06:37:36,0
308,fight,577d8e25cf71566c,,http://ufcstats.com/fight-details/577d8e25cf71566c,PartialFightParse,"expected 2 round-by-round tables, found 0 -- this fight likely has no round stats on ufcstats.com (common for older fights)",2026-08-11 06:37:41,0
309,fight,e821a0960a9dac35,,http://ufcstats.com/fight-details/e821a0960a9dac35,PartialFightParse,"expected 2 round-by-round tables, found 0 -- this fight likely has no round stats on ufcstats.com (common for older fights)",2026-08-11 06:37:41,0
310,fight,5e6ab3c7d664daa7,,http://ufcstats.com/fight-details/5e6ab3c7d664daa7,PartialFightParse,"expected 2 round-by-round tables, found 0 -- this fight likely has no round stats on ufcstats.com (common for older fights)",2026-08-11 06:37:53,0
311,fight,010b638fd558699a,,http://ufcstats.com/fight-details/010b638fd558699a,PartialFightParse,"expected 2 round-by-round tables, found 0 -- this fight likely has no round stats on ufcstats.com (common for older fights)",2026-08-11 06:38:09,0
312,fight,dd821478446b6c78,,http://ufcstats.com/fight-details/dd821478446b6c78,PartialFightParse,"expected 2 round-by-round tables, found 0 -- this fight likely has no round stats on ufcstats.com (common for older fights)",2026-08-11 06:38:15,0
313,fight,339b8d0fe27e1603,,http://ufcstats.com/fight-details/339b8d0fe27e1603,PartialFightParse,"expected 2 round-by-round tables, found 0 -- this fight likely has no round stats on ufcstats.com (common for older fights)",2026-08-11 06:38:16,0
314,fight,7458b1b3923fc2df,,http://ufcstats.com/fight-details/7458b1b3923fc2df,PartialFightParse,"expected 2 round-by-round tables, found 0 -- this fight likely has no round stats on ufcstats.com (common for older fights)",2026-08-11 06:38:19,0
315,fight,b0aee0248b292201,,http://ufcstats.com/fight-details/b0aee0248b292201,PartialFightParse,"expected 2 round-by-round tables, found 0 -- this fight likely has no round stats on ufcstats.com (common for older fights)",2026-08-11 06:38:19,0
316,fight,79438e61641cce04,,http://ufcstats.com/fight-details/79438e61641cce04,PartialFightParse,"expected 2 round-by-round tables, found 0 -- this fight likely has no round stats on ufcstats.com (common for older fights)",2026-08-11 06:38:20,0
317,fight,9e1836b84e5465de,,http://ufcstats.com/fight-details/9e1836b84e5465de,PartialFightParse,"expected 2 round-by-round tables, found 0 -- this fight likely has no round stats on ufcstats.com (common for older fights)",2026-08-11 06:38:37,0
318,fight,f3000eff02664be4,,http://ufcstats.com/fight-details/f3000eff02664be4,PartialFightParse,"expected 2 round-by-round tables, found 0 -- this fight likely has no round stats on ufcstats.com (common for older fights)",2026-08-11 06:38:56,0
319,fight,de4300c6c9900cca,,http://ufcstats.com/fight-details/de4300c6c9900cca,PartialFightParse,"expected 2 round-by-round tables, found 0 -- this fight likely has no round stats on ufcstats.com (common for older fights)",2026-08-11 06:38:57,0
320,fight,5485d6f729e8b4b0,,http://ufcstats.com/fight-details/5485d6f729e8b4b0,PartialFightParse,"expected 2 round-by-round tables, found 0 -- this fight likely has no round stats on ufcstats.com (common for older fights)",2026-08-11 06:39:05,0
321,fight,3618566df6c6a26e,,http://ufcstats.com/fight-details/3618566df6c6a26e,PartialFightParse,"expected 2 round-by-round tables, found 0 -- this fight likely has no round stats on ufcstats.com (common for older fights)",2026-08-11 06:39:05,0
322,fight,83c354730b54cc61,,http://ufcstats.com/fight-details/83c354730b54cc61,PartialFightParse,"expected 2 round-by-round tables, found 0 -- this fight likely has no round stats on ufcstats.com (common for older fights)",2026-08-11 06:39:07,0
323,fight,5735250a204e2d47,,http://ufcstats.com/fight-details/5735250a204e2d47,PartialFightParse,"expected 2 round-by-round tables, found 0 -- this fight likely has no round stats on ufcstats.com (common for older fights)",2026-08-11 06:39:14,0
324,fight,04eb7c9749f08f5b,,http://ufcstats.com/fight-details/04eb7c9749f08f5b,PartialFightParse,"expected 2 round-by-round tables, found 0 -- this fight likely has no round stats on ufcstats.com (common for older fights)",2026-08-11 06:39:14,0
325,fight,36cf2a8849a4a6ff,,http://ufcstats.com/fight-details/36cf2a8849a4a6ff,PartialFightParse,"expected 2 round-by-round tables, found 0 -- this fight likely has no round stats on ufcstats.com (common for older fights)",2026-08-11 06:39:26,0
326,fight,526b3c44a3955726,,http://ufcstats.com/fight-details/526b3c44a3955726,PartialFightParse,"expected 2 round-by-round tables, found 0 -- this fight likely has no round stats on ufcstats.com (common for older fights)",2026-08-11 06:39:30,0
327,fight,982eea5a54537892,,http://ufcstats.com/fight-details/982eea5a54537892,PartialFightParse,"expected 2 round-by-round tables, found 0 -- this fight likely has no round stats on ufcstats.com (common for older fights)",2026-08-11 06:39:44,0
328,fight,3bbbd72872122cd6,,http://ufcstats.com/fight-details/3bbbd72872122cd6,PartialFightParse,"expected 2 round-by-round tables, found 0 -- this fight likely has no round stats on ufcstats.com (common for older fights)",2026-08-11 06:39:49,0
329,fight,05dab1fe544f0030,,http://ufcstats.com/fight-details/05dab1fe544f0030,PartialFightParse,"expected 2 round-by-round tables, found 0 -- this fight likely has no round stats on ufcstats.com (common for older fights)",2026-08-11 06:39:52,0
330,fight,ca52d846efa59f8d,,http://ufcstats.com/fight-details/ca52d846efa59f8d,PartialFightParse,"expected 2 round-by-round tables, found 0 -- this fight likely has no round stats on ufcstats.com (common for older fights)",2026-08-11 06:39:59,0
